County,anglo,anglovap,asian,asianvap,bh,bhvap,black,blackvap,hisp,hispvap,nanglo,nanglovap,vap,votes_dem,votes_rep,votes_total,college_enroll,bachelors_up_total_sum,20_trump,20_biden,aggregateincome,20_total,total,households,anglovap_pct,asianvap_pct,hispvap_pct,blackvap_pct,college_enroll_pct,bachelors_up_total_sum_pct,pct_dem_lead,pct_dem_lead_20,avg_hh_income,swing_2024
ANDERSON,33098.0,27667.0,543.0,396.0,23107.0,18374.0,12253.0,10146.0,11111.0,8350.0,24824.0,19714.0,47381.0,3635,15597,19381,2122.0,6292.0,15110.0,3955.0,1327161500.0,19227.0,57922.0,17142.0,0.5839260463054811,0.008357780544944175,0.176230978662333,0.21413646820455456,0.04478588463730187,0.13279584643633524,-0.6172024147360817,-0.5801737140479534,77421.62524792906,-0.03702870068812836
ANDREWS,7405.0,5636.0,153.0,99.0,10683.0,6942.0,376.0,247.0,10400.0,6731.0,11205.0,7312.0,12948.0,806,5205,6059,957.0,2323.0,4943.0,850.0,694777700.0,5863.0,18610.0,6780.0,0.4352795798578931,0.007645968489341983,0.5198486252703121,0.019076305220883535,0.07391102873030583,0.17940994748223663,-0.726027397260274,-0.698106771277503,102474.58702064896,-0.027920625982771008
ANGELINA,57657.0,46166.0,1277.0,929.0,35808.0,24186.0,15182.0,10668.0,21052.0,13677.0,39235.0,26795.0,72961.0,8146,26049,34476,3621.0,10625.0,25076.0,9143.0,2432078100.0,34635.0,96892.0,32183.0,0.632749002891956,0.012732829868011677,0.18745631227642165,0.14621510121845918,0.049629253985005686,0.14562574526116692,-0.5192887806009978,-0.4600259852750109,75570.27312556318,-0.05926279532598694
ARANSAS,24652.0,21750.0,962.0,724.0,9193.0,6562.0,555.0,354.0,8731.0,6249.0,11494.0,8460.0,30210.0,2831,10090,13031,823.0,5528.0,9239.0,2916.0,1024633000.0,12290.0,36146.0,11738.0,0.7199602780536246,0.023965574313141343,0.20685203574975175,0.011717974180734857,0.027242634889109565,0.1829857663025488,-0.5570562504796255,-0.5144833197721725,87291.95774407906,-0.04257293070745294
ARCHER,7356.0,5811.0,74.0,48.0,831.0,528.0,106.0,64.0,742.0,474.0,1204.0,801.0,6612.0,520,4592,5132,288.0,1548.0,4300.0,446.0,338540600.0,4796.0,8560.0,3439.0,0.8788566243194192,0.007259528130671506,0.07168784029038112,0.009679370840895343,0.043557168784029036,0.23411978221415608,-0.7934528448947779,-0.8035863219349458,98441.58185519047,0.010133477040167982
ARMSTRONG,1593.0,1258.0,28.0,19.0,162.0,94.0,34.0,17.0,144.0,85.0,255.0,169.0,1427.0,77,1029,1114,125.0,285.0,1035.0,75.0,62643300.0,1112.0,1848.0,754.0,0.8815697266993693,0.013314646110721794,0.05956552207428171,0.011913104414856343,0.08759635599159075,0.1997196916608269,-0.8545780969479354,-0.8633093525179856,83081.29973474801,0.008731255570050167
ATASCOSA,16066.0,12906.0,396.0,268.0,31684.0,22137.0,736.0,462.0,31178.0,21784.0,32915.0,23077.0,35983.0,5153,13142,18468,1455.0,5027.0,12039.0,5876.0,1389578300.0,18132.0,48981.0,16635.0,0.35866937164772256,0.007447961537392658,0.6053969930244838,0.012839396381624657,0.04043576133173999,0.1397048606286302,-0.4325860948667966,-0.33989631590558134,83533.41148181545,-0.09268977896121527
AUSTIN,18480.0,15123.0,304.0,218.0,10630.0,7231.0,2791.0,1949.0,8052.0,5357.0,11687.0,8034.0,23157.0,2816,12457,15415,654.0,5164.0,11447.0,2951.0,1169407800.0,14554.0,30167.0,12174.0,0.6530638683767327,0.009414000086366973,0.2313339379021462,0.08416461545105151,0.02824200025910092,0.22299952498164702,-0.6254297761920207,-0.5837570427373918,96057.81172991621,-0.04167273345462885
BAILEY,2449.0,1984.0,27.0,13.0,6063.0,3942.0,123.0,54.0,5980.0,3897.0,6202.0,4034.0,6018.0,332,1395,1740,147.0,707.0,1434.0,409.0,179201200.0,1860.0,8651.0,2250.0,0.32967763376537057,0.002160186108341642,0.6475573280159521,0.00897308075772682,0.024426719840478565,0.11748089066134929,-0.610919540229885,-0.5510752688172044,79644.97777777778,-0.05984427141268067
BANDERA,15595.0,13395.0,219.0,158.0,4247.0,3114.0,270.0,181.0,4010.0,2948.0,5256.0,3954.0,17349.0,2532,10939,13600,780.0,4295.0,10056.386176284084,2504.7945466074825,820989376.5017668,12714.172479391249,20851.0,8942.406360424027,0.7720906104098219,0.009107153150037467,0.1699233385209522,0.010432877975675832,0.044959363652083695,0.24756470113551213,-0.6181617647058824,-0.5939506988690915,91808.5516819253,-0.02421106583679089
BASTROP,45751.0,38286.0,1287.0,871.0,47762.0,31839.0,6873.0,4966.0,41484.0,27108.0,51465.0,34741.0,73027.0,15989,23301,39917,3390.0,16337.0,20510.430438842202,15467.45471521942,3457808936.3349133,36749.577030812325,97216.0,35153.49921011059,0.5242718446601942,0.011927095457844358,0.37120517069029263,0.06800224574472455,0.04642118668437701,0.22371177783559507,-0.18318009870481244,-0.13722540859162946,98363.15058332526,-0.04595469011318298
BAYLOR,2797.0,2212.0,22.0,6.0,534.0,329.0,113.0,59.0,439.0,275.0,668.0,424.0,2636.0,183,1469,1672,64.0,736.0,1494.0,183.0,95441200.0,1702.0,3465.0,1548.0,0.8391502276176024,0.002276176024279211,0.1043247344461305,0.022382397572078907,0.024279210925644917,0.27921092564491656,-0.7691387559808612,-0.7702702702702703,61654.52196382429,0.0011315142894090524
BEE,8600.0,7344.0,307.0,264.0,21804.0,17161.0,2558.0,2303.0,19392.0,14920.0,22447.0,17678.0,25022.0,2606,6111,8790,1953.0,2866.0,6006.0,3288.0,615592000.0,9420.0,31047.0,8581.0,0.2935017184877308,0.010550715370473984,0.5962752777555751,0.09203900567500599,0.07805131484293822,0.11453920549916073,-0.3987485779294653,-0.28853503184713375,71738.95816338422,-0.11021354608233153
BELL,156780.0,126124.0,18271.0,12891.0,184933.0,124418.0,100605.0,67479.0,93467.0,61176.0,213867.0,146039.0,272163.0,53973,75161,131013,27826.0,66361.0,67893.0,57014.0,12175383296.538752,127690.0,370647.0,138556.01053423627,0.46341346913430553,0.04736499818123698,0.22477706374488818,0.2479359795416717,0.10224020164386782,0.2438281471030228,-0.16172440902811164,-0.08519852768423525,87873.36795851449,-0.07652588134387639
BEXAR,535694.0,446118.0,94556.0,67947.0,1358677.0,978680.0,196163.0,137805.0,1190889.0,854006.0,1473490.0,1066171.0,1512289.0,409754,336638,754979,140895.0,437504.0,306012.39070143114,445232.00504621305,70007076306.41359,763214.8351648566,2009184.0,734224.6742930714,0.2949952026365331,0.04492990427094292,0.5647108456121813,0.09112345590029419,0.09316671615015384,0.28929920140925447,0.09684507781011126,0.1824120914980774,95348.30244409593,-0.08556701368796615
BLANCO,8707.0,7461.0,100.0,72.0,2196.0,1598.0,123.0,98.0,2092.0,1514.0,2667.0,1960.0,9421.0,1973,6447,8546,314.0,3264.0,5434.096163682864,1907.8613810741688,551914466.2198391,7446.811253196931,11374.0,4994.829490616622,0.7919541449952234,0.007642500796093833,0.1607048084067509,0.010402292750238828,0.03332979513852033,0.3464600360895871,-0.5235197753334894,-0.4735227821297171,110497.15856300514,-0.049996993203772266
BORDEN,674.0,526.0,16.0,5.0,110.0,62.0,19.0,6.0,99.0,59.0,120.0,63.0,589.0,16,370,387,4.0,159.0,397.0,16.0,25739200.0,416.0,794.0,239.0,0.8930390492359932,0.008488964346349746,0.100169779286927,0.010186757215619695,0.006791171477079796,0.2699490662139219,-0.9147286821705426,-0.9158653846153847,107695.39748953976,0.001136702444842097
BOSQUE,13621.0,11392.0,148.0,88.0,3737.0,2422.0,503.0,305.0,3321.0,2148.0,4614.0,3064.0,14456.0,1524,7969,9586,547.0,2857.0,7469.0,1561.0,660089000.0,9140.0,18235.0,7467.0,0.7880464858882125,0.006087437742114001,0.14858882125069175,0.021098505810736027,0.03783895960154953,0.19763420033204207,-0.6723346547047778,-0.6463894967177243,88400.830320075,-0.025945157987053546
BOWIE,114026.0,92444.0,3570.0,2518.0,79336.0,56260.0,62774.0,44622.0,17364.0,11988.0,89285.0,63759.0,156203.0,9282,27122,36711,3535.0,14623.0,27102.200223713648,10731.385906040268,2832961084.2105265,38285.55928411633,203311.0,34793.73684210527,0.591819619341498,0.016120048910712344,0.07674628528261301,0.2856667285519484,0.022630807346849934,0.09361535950013763,-0.4859578872817412,-0.42759762750717334,81421.58162161671,-0.05836025977456788
BRAZORIA,161833.0,129282.0,29997.0,20997.0,173026.0,119635.0,61118.0,43332.0,115202.0,77672.0,210198.0,146618.0,275900.0,63976,95867,162046,22065.0,83413.0,90434.448732022,62233.40527736007,15738578700.0,154990.93681164118,372031.0,131184.0,0.46858281986226896,0.07610366074664733,0.2815222906850308,0.1570569046756071,0.07997462848858282,0.3023305545487495,-0.1968021426014836,-0.18195285501715724,119973.31000731797,-0.014849287584326354
BRAZOS,123056.0,103958.0,16856.0,14201.0,88788.0,63682.0,27912.0,19873.0,63067.0,45136.0,110814.0,81995.0,185953.0,33844,56671,91961,53811.0,61469.0,46852.0,35123.0,7805453378.920118,84135.0,233870.0,88412.03106508875,0.5590552451425898,0.07636875984791856,0.24272800116158383,0.10687109108215517,0.28937957440858714,0.3305620237371809,-0.24822479094398714,-0.13940690556843172,88284.9685149045,-0.10881788537555542
BREWSTER,4948.0,4318.0,164.0,122.0,4176.0,3171.0,287.0,223.0,3963.0,2982.0,4598.0,3528.0,7846.0,1969,2545,4578,686.0,3314.0,2458.2033898305085,2252.237288135593,354805999.2146597,4813.35593220339,9546.0,4923.600785340314,0.550344124394596,0.015549324496558756,0.3800662758093296,0.028422125924037728,0.087433086923273,0.4223808309966862,-0.12581913499344688,-0.04279054044537095,72062.30047551182,-0.08302859454807593
BRISCOE,1008.0,811.0,13.0,10.0,391.0,276.0,30.0,17.0,368.0,259.0,427.0,302.0,1113.0,72,666,745,60.0,190.0,639.0,78.0,38327500.0,725.0,1435.0,555.0,0.7286612758310872,0.008984725965858042,0.23270440251572327,0.015274034141958671,0.05390835579514825,0.1707097933513028,-0.7973154362416107,-0.7737931034482759,69058.55855855856,-0.02352233279333482
BROOKS,832.0,730.0,67.0,52.0,7810.0,5777.0,62.0,39.0,7771.0,5738.0,7922.0,5868.0,6598.0,1308,1077,2402,237.0,754.0,998.0,1470.0,152944900.0,2484.0,8754.0,2884.0,0.1106395877538648,0.007881176113973931,0.8696574719612004,0.005910882085480448,0.03591997575022734,0.114277053652622,0.09616985845129056,0.19001610305958128,53032.21220527046,-0.09384624460829072
BROWN,26672.0,21949.0,382.0,279.0,9884.0,6707.0,1881.0,1263.0,8211.0,5525.0,11423.0,7929.0,29878.0,2131,14591,16850,1816.0,5460.0,13698.0,2107.0,1166041100.0,15969.0,38095.0,14979.000000000002,0.7346207912176184,0.009337974429346007,0.18491866925497022,0.0422719057500502,0.06078050739674677,0.1827431554990294,-0.7394658753709198,-0.7258438224059114,77845.05641231056,-0.013622052965008402
BURLESON,11258.0,9403.0,118.0,82.0,5737.0,3989.0,2145.0,1532.0,3712.0,2503.0,6384.0,4508.0,13911.0,1703,7588,9365,642.0,3329.0,6743.0,1788.0,740042500.0,8609.0,17642.0,7749.0,0.675939903673352,0.005894615771691467,0.17992955215297246,0.11012867514916254,0.04615052835885271,0.2393070232190353,-0.6284036305392419,-0.575560459983738,95501.67763582397,-0.052843170555503916
BURNET,34810.0,29264.0,629.0,449.0,12068.0,7950.0,1011.0,652.0,11199.0,7372.0,14320.0,9719.0,38983.0,6114,21795,28153,1599.0,10964.0,18767.0,5639.0,2133040200.0,24717.0,49130.0,19597.0,0.7506861965472129,0.011517841110227535,0.1891080727496601,0.016725239206833747,0.04101787958853859,0.28125080163148036,-0.5569921500372963,-0.5311324189828863,108845.2416186151,-0.025859731054409973
CALDWELL,16560.0,13943.0,444.0,294.0,28025.0,19078.0,2932.0,2105.0,25468.0,17100.0,29323.0,20091.0,34034.0,6618,8880,15737,2289.0,5457.0,8029.744769874477,6670.786610878661,1372746900.0,14970.5,45883.0,15741.0,0.40967855673738024,0.008638420403126285,0.5024387377328554,0.06184991479109126,0.06725627313862607,0.16033966033966035,-0.1437376882506195,-0.09077573621427576,87208.36668572518,-0.05296195203634374
CALHOUN,8374.0,7072.0,1169.0,866.0,10271.0,7317.0,534.0,390.0,9858.0,6980.0,11732.0,8430.0,15502.0,1853,5939,7841,684.0,2505.0,5641.0,2148.0,755690900.0,7868.0,20106.0,8398.0,0.45619920010321247,0.0558637595149013,0.4502644820023223,0.025158044123338923,0.044123338924009804,0.16159205263836923,-0.5211070016579518,-0.44395017793594305,89984.62729221243,-0.07715682372200872
CALLAHAN,11555.0,9221.0,109.0,81.0,1545.0,1008.0,269.0,151.0,1306.0,867.0,2153.0,1475.0,10696.0,761,6180,6988,456.0,2391.0,6012.0,734.0,429307000.0,6832.0,13708.0,5237.0,0.862097980553478,0.007572924457741212,0.08105833956619297,0.014117427075542258,0.04263275991024682,0.22354151084517576,-0.7754722381224957,-0.7725409836065574,81975.74947489021,-0.002931254515938231
CAMERON,37107.0,31674.0,3637.0,2787.0,378477.0,265300.0,3410.0,2103.0,376680.0,264000.0,383910.0,269534.0,301208.0,54262,60996,116318,24211.0,54551.0,49031.6876839008,64062.62168978562,9483594529.399368,114325.30348886087,421017.0,135432.167544784,0.10515656954662558,0.009252742291041406,0.8764707444689384,0.006981886271280976,0.08037967119067223,0.18110740750577675,-0.05789301741776853,0.13147512884012896,70024.68247629119,-0.1893681462578975
CAMP,6734.0,5501.0,154.0,123.0,5262.0,3479.0,2092.0,1497.0,3222.0,1998.0,5730.0,3844.0,9345.0,1201,4011,5253,575.0,1689.0,3626.0,1394.0,362146500.0,5058.0,12464.0,4677.0,0.5886570358480471,0.013162118780096307,0.21380417335473514,0.16019261637239166,0.061530230069555915,0.18073836276083466,-0.5349324195697697,-0.44128113879003555,77431.36626042335,-0.09365128077973411
CARSON,4873.0,3734.0,33.0,28.0,636.0,443.0,91.0,69.0,558.0,382.0,934.0,667.0,4401.0,290,2866,3177,196.0,1078.0,2779.0,297.0,236378700.0,3116.0,5807.0,2302.0,0.8484435355601,0.006362190411270166,0.0867984548966144,0.015678254942058625,0.04453533287889116,0.24494433083390138,-0.8108278249921309,-0.7965340179717587,102684.05734144223,-0.014293807020372196
CASS,21028.0,16930.0,199.0,137.0,6224.0,4410.0,4941.0,3598.0,1336.0,844.0,7426.0,5297.0,22227.0,2406,11693,14143,1163.0,3635.0,11033.0,2795.0,837577600.0,13927.0,28454.0,11775.0,0.7616862374589464,0.006163674809915868,0.03797183605524812,0.16187519683268098,0.05232375039366536,0.16353983893462906,-0.6566499328289613,-0.5915128886335894,71131.85562632697,-0.06513704419537192
CASTRO,2328.0,1867.0,49.0,45.0,4905.0,3309.0,155.0,105.0,4784.0,3215.0,5043.0,3410.0,5277.0,418,1594,2023,162.0,944.0,1602.0,466.0,197567500.0,2083.0,7371.0,2427.0,0.353799507295812,0.008527572484366117,0.6092476786052682,0.019897669130187607,0.030699260943718023,0.17888952056092478,-0.5813148788927336,-0.5453672587614019,81403.99670374948,-0.03594762013133168
CHAMBERS,29858.0,22476.0,879.0,589.0,14512.0,9389.0,3763.0,2689.0,10952.0,6781.0,16713.0,10988.0,33464.0,4187,20557,24958,3190.0,7596.0,17353.0,3997.0,1966723000.0,21652.0,46571.0,16558.0,0.6716471431986613,0.01760100406406885,0.20263566818073153,0.08035500836720057,0.09532632082237628,0.22699019842218504,-0.6559019152175656,-0.6168483280990209,118777.81132987076,-0.039053587118544675
CHEROKEE,30095.0,24051.0,418.0,289.0,18714.0,12585.0,7069.0,5164.0,11797.0,7472.0,20317.0,13836.0,37887.0,3744,16593,20507,1968.0,6555.0,15101.0,4210.0,1427483900.0,19508.0,50412.0,18085.0,0.6348087734579143,0.007627946261250561,0.1972180431282498,0.13630005014912766,0.051943938554121466,0.17301449045846862,-0.6265665382552299,-0.5582837810129178,78931.92701133536,-0.06828275724231214
CHILDRESS,3852.0,3116.0,93.0,64.0,2585.0,2021.0,672.0,580.0,1942.0,1461.0,2812.0,2202.0,5318.0,263,1991,2274,105.0,607.0,1943.0,310.0,171942400.0,2283.0,6664.0,2174.0,0.585934561865363,0.012034599473486273,0.2747273411056788,0.10906355772846935,0.019744264761188415,0.11414065438134637,-0.7598944591029023,-0.7152869031975471,79090.34038638455,-0.044607555905355256
CLAY,8941.0,7247.0,87.0,69.0,745.0,463.0,121.0,74.0,641.0,394.0,1277.0,897.0,8144.0,584,5288,5918,341.0,1846.0,5069.0,614.0,374973900.0,5752.0,10218.0,4227.0,0.8898575638506876,0.008472495088408645,0.04837917485265226,0.009086444007858546,0.0418713163064833,0.22666994106090374,-0.7948631294356201,-0.7745132127955493,88709.22640170333,-0.020349916640070798
COCHRAN,912.0,709.0,16.0,13.0,1594.0,1076.0,94.0,62.0,1527.0,1019.0,1635.0,1108.0,1817.0,148,735,893,81.0,176.0,808.9999999999999,177.0,57221600.00000001,1000.0,2547.0,949.0,0.39020363236103467,0.007154650522839846,0.5608145294441387,0.0341221794166208,0.0445789763346175,0.09686296092460099,-0.6573348264277716,-0.6319999999999999,60296.73340358273,-0.02533482642777174
COKE,3071.0,2516.0,21.0,6.0,852.0,612.0,25.0,15.0,842.0,604.0,1008.0,745.0,3261.0,179,1623,1814,94.0,517.0,1586.0000000000002,178.0,97776000.0,1779.0,4079.0,1489.0,0.771542471634468,0.0018399264029438822,0.18521925789635083,0.004599816007359705,0.02882551364612082,0.15854032505366453,-0.7960308710033076,-0.7914558740865656,65665.5473472129,-0.0045749969167420135
COLEMAN,7549.0,6219.0,66.0,42.0,1772.0,1208.0,303.0,171.0,1507.0,1046.0,2107.0,1485.0,7704.0,428,3712,4164,72.0,1077.0,3641.0,451.0,243563300.0,4129.0,9656.0,3230.0,0.8072429906542056,0.005451713395638629,0.1357736240913811,0.02219626168224299,0.009345794392523364,0.139797507788162,-0.7886647454370798,-0.7725841608137564,75406.59442724458,-0.016080584623323402
COLLIN,542472.0,425932.0,206884.0,144989.0,289913.0,196791.0,126186.0,86611.0,169158.0,112750.0,521993.0,360906.0,786838.0,221141,278435,515582,74895.0,422342.0,252042.25580706616,230698.37402800305,60131294953.38253,491665.9416907408,1064465.0,399493.2081761981,0.5413210851534878,0.18426791791957176,0.14329506200768138,0.11007475490507576,0.09518477755268556,0.5367585195427775,-0.11112490350710458,-0.043411348985585185,150518.94180604286,-0.06771355452151939
COLLINGSWORTH,1617.0,1309.0,32.0,24.0,955.0,615.0,148.0,98.0,832.0,520.0,1035.0,679.0,1988.0,135,1066,1201,122.0,448.0,1048.0,155.0,72757900.0,1218.0,2652.0,947.0,0.6584507042253521,0.012072434607645875,0.26156941649899396,0.04929577464788732,0.0613682092555332,0.22535211267605634,-0.7751873438801,-0.7331691297208538,76829.883843717,-0.042018214159246225
COLORADO,11761.0,9930.0,132.0,90.0,8336.0,5807.0,2535.0,1827.0,5990.0,4026.0,8796.0,6163.0,16093.0,2108,7824,10012,545.0,3531.0,7472.0,2420.0,743419000.0,9975.0,20557.0,7577.0,0.6170384639284161,0.005592493630771142,0.2501708817498291,0.11352762070465419,0.033865655875225255,0.21941216678058784,-0.5709149021174591,-0.5064661654135338,98115.21710439488,-0.06444873670392526
COMAL,127470.0,105043.0,4120.0,2794.0,55693.0,38793.0,6063.0,4233.0,50599.0,35063.0,65476.0,46222.0,151265.0,27680,74756,103490,6738.0,53766.0,62730.89032258064,24823.496774193547,8954842592.904074,88880.25483870968,192946.0,67642.66447656593,0.6944303044326182,0.018470895448385285,0.23179849932238125,0.027984001586619508,0.0445443427098139,0.355442435460946,-0.4548845299062711,-0.42649960463296777,132384.53366966912,-0.02838492527330333
COMANCHE,9197.0,7677.0,62.0,47.0,3949.0,2557.0,127.0,72.0,3867.0,2506.0,4397.0,2889.0,10566.0,834,5679,6544,260.0,1996.0,5177.0,853.0,428878800.0,6086.0,13594.0,5395.0,0.7265758091993185,0.004448230172250615,0.23717584705659664,0.0068143100511073255,0.024607230740109787,0.18890781752791974,-0.7403728606356967,-0.7104830759119289,79495.60704355885,-0.0298897847237678
CONCHO,2097.0,1885.0,47.0,33.0,1121.0,895.0,105.0,91.0,1033.0,815.0,1206.0,966.0,2851.0,153,1038,1198,70.0,343.0,1058.0,197.0,60553700.0,1268.0,3303.0,849.0,0.6611715187653455,0.011574886004910558,0.28586460890915466,0.03191862504384427,0.024552788495264818,0.12030866362679761,-0.7387312186978297,-0.6790220820189274,71323.55712603063,-0.05970913667890221
COOKE,37118.0,30113.0,698.0,505.0,14320.0,8691.0,2560.0,1594.0,11988.0,7167.0,17234.0,10804.0,40917.0,3310,16975,20447,1418.0,6914.0,15596.0,3210.0,1623272500.0,18996.0,54352.0,16252.0,0.7359532712564459,0.012342058313170565,0.17515946916929392,0.03895691277464135,0.03465552215460566,0.16897622015299266,-0.6683131999804373,-0.6520320067382608,99881.39921240462,-0.016281193242176473
CORYELL,46213.0,36642.0,3238.0,2270.0,30436.0,21287.0,15290.0,10659.0,16482.0,11259.0,36880.0,25964.0,62606.0,6938,16619,23835,5097.0,10315.0,15438.0,7565.0,2215917400.0,23535.0,83093.0,26099.0,0.5852793661949334,0.03625850557454557,0.17983899306775708,0.17025524710091686,0.08141392198830782,0.16476056607992845,-0.4061674008810573,-0.3345230507754408,84904.30284685237,-0.07164435010561648
COTTLE,902.0,764.0,18.0,14.0,440.0,305.0,128.0,90.0,327.0,226.0,478.0,333.0,1097.0,89,565,658,5.0,205.0,540.0,113.0,44428600.0,662.0,1380.0,571.0,0.6964448495897904,0.01276207839562443,0.20601640838650867,0.0820419325432999,0.004557885141294439,0.18687329079307202,-0.7234042553191489,-0.6450151057401813,77808.40630472855,-0.07838914957896759
CRANE,1342.0,1130.0,39.0,26.0,3237.0,2147.0,102.0,71.0,3158.0,2087.0,3333.0,2221.0,3351.0,186,1195,1390,136.0,438.0,1247.0,241.0,134448300.0,1504.0,4675.0,1665.0,0.3372127723067741,0.007758877946881528,0.6227991644285288,0.02118770516263802,0.04058490002984184,0.13070725156669652,-0.7258992805755395,-0.6688829787234043,80749.72972972973,-0.05701630185213524
CROCKETT,1080.0,902.0,23.0,17.0,1945.0,1437.0,36.0,29.0,1920.0,1416.0,2018.0,1492.0,2394.0,323,1087,1420,0.0,242.0,1220.0,344.0,114166800.0,1574.0,3098.0,1176.0,0.3767752715121136,0.007101086048454469,0.5914786967418546,0.01211361737677527,0.0,0.1010860484544695,-0.5380281690140845,-0.5565438373570522,97080.61224489796,0.018515668342967695
CROSBY,2076.0,1760.0,41.0,22.0,2965.0,1980.0,203.0,129.0,2829.0,1873.0,3057.0,2052.0,3812.0,451,1416,1880,119.0,497.0,1393.9894937917861,526.3123209169055,156677985.71428573,1950.2492836676217,5133.0,1971.7362637362637,0.4616998950682057,0.005771248688352571,0.4913431269674711,0.0338405036726128,0.031217208814270724,0.13037775445960126,-0.5132978723404256,-0.44490577699028017,79461.9384934347,-0.0683920953501454
CULBERSON,445.0,396.0,50.0,31.0,1673.0,1274.0,48.0,38.0,1645.0,1252.0,1743.0,1325.0,1721.0,319,451,781,0.0,262.0,415.0,438.0,37387100.0,864.0,2188.0,702.0,0.23009877977919815,0.01801278326554329,0.7274840209180709,0.022080185938407902,0.0,0.15223707147007554,-0.16901408450704225,0.02662037037037035,53257.97720797721,-0.1956344548774126
DALLAM,3119.0,2374.0,33.0,21.0,3837.0,2536.0,142.0,96.0,3707.0,2447.0,3996.0,2648.0,5022.0,152,1285,1447,71.0,699.0,1389.0,197.0,196321100.0,1609.0,7115.0,2373.0,0.4727200318598168,0.004181600955794504,0.48725607327757864,0.019115890083632018,0.014137793707686181,0.13918757467144563,-0.7829993089149965,-0.7408328154133001,82731.18415507796,-0.04216649350169632
DALLAS,1172184.0,1012420.0,344646.0,260644.0,2826485.0,1991616.0,1107230.0,813442.0,1753904.0,1195195.0,3230994.0,2302804.0,3315224.0,510859,322439,853138,139701.0,604897.0,304619.0584342114,595546.0124845251,105364710409.47362,913390.1648857114,4403178.0,966249.9827391637,0.3053850961503657,0.07862032852078774,0.36051711739538567,0.24536562235312004,0.04213923403064167,0.18246037070194956,0.22085524264538686,0.3185133420904704,109044.98037948893,-0.09765809944508352
DAWSON,4590.0,3754.0,86.0,63.0,7665.0,5538.0,1004.0,842.0,6767.0,4733.0,7866.0,5696.0,9450.0,667,2810,3513,312.0,1234.0,2951.0,808.0,304915400.0,3789.0,12456.0,4154.0,0.39724867724867724,0.006666666666666667,0.5008465608465609,0.0891005291005291,0.03301587301587302,0.13058201058201058,-0.6100199259891831,-0.5655845869622591,73402.84063553202,-0.04443533902692398
DEAF SMITH,4233.0,3472.0,78.0,58.0,14080.0,9251.0,290.0,168.0,13925.0,9156.0,14350.0,9477.0,12949.0,1019,3233,4286,616.0,1300.0,3294.0,1264.0,429809300.0,4610.0,18583.0,5973.0,0.26812881303575564,0.004479110356012048,0.7070816279249363,0.012973974824310758,0.04757124102247278,0.10039385280716658,-0.5165655622958469,-0.4403470715835141,71958.69747195714,-0.07621849071233283
DELTA,4189.0,3361.0,63.0,38.0,765.0,511.0,402.0,271.0,394.0,252.0,1041.0,720.0,4081.0,397,2250,2658,84.0,769.0,2162.0,403.0,166550700.0,2592.0,5230.0,2095.0,0.823572653761333,0.009311443273707424,0.06174957118353345,0.06640529282038717,0.02058319039451115,0.18843420730213184,-0.6971407072987208,-0.6786265432098766,79499.14081145584,-0.01851416408884421
DENTON,485645.0,385460.0,106259.0,74893.0,290445.0,199378.0,113635.0,79448.0,182767.0,122893.0,420756.0,292944.0,678404.0,191503,250521,449188,72651.0,319870.0,221538.50934561013,188079.19046512048,48784147360.484406,416383.8566425366,906401.0,344581.1190540427,0.5681865083342669,0.11039587030736847,0.1811501701051291,0.11711015854859347,0.10709105488764807,0.4715037057564519,-0.13138819380749267,-0.08035690708637216,141575.21890464725,-0.051031286721120506
DEWITT,10854.0,8969.0,105.0,77.0,8564.0,6120.0,1867.0,1353.0,6890.0,4826.0,8970.0,6449.0,15418.0,1270,6515,7825,513.0,2229.0,6567.0,1494.0,575562200.0,8118.0,19824.0,6683.0,0.5817226618238422,0.004994162667012583,0.31301076663639904,0.08775457257750681,0.033272798028278636,0.1445712803217019,-0.6702875399361021,-0.6249076127124908,86123.3278467754,-0.04537992722361128
DICKENS,1178.0,969.0,21.0,17.0,548.0,365.0,64.0,43.0,512.0,339.0,592.0,400.0,1369.0,146,844,993,52.0,229.0,853.0,130.0,50786000.0,988.0,1770.0,684.0,0.7078159240321402,0.01241782322863404,0.24762600438276114,0.031409788166544925,0.03798392987582177,0.1672753834915997,-0.702920443101712,-0.7317813765182186,74248.53801169591,0.02886093341650664
DIMMIT,898.0,746.0,94.0,73.0,7570.0,5453.0,129.0,89.0,7487.0,5387.0,7717.0,5562.0,6308.0,1750,1648,3407,345.0,592.0,1384.0,2264.0,169571200.0,3666.0,8615.0,3010.0,0.11826252377932783,0.011572606214331009,0.853994927076728,0.014109067850348763,0.05469245402663285,0.09384908053265695,0.029938362195479906,0.24004364429896347,56335.94684385382,-0.21010528210348356
DONLEY,2537.0,2089.0,42.0,29.0,561.0,374.0,227.0,155.0,356.0,232.0,721.0,502.0,2591.0,174,1512,1712,329.0,374.0,1438.0,198.0,83268200.0,1648.0,3258.0,1203.0,0.8062524121960633,0.011192589733693555,0.08954071786954844,0.05982246236974141,0.12697800077190274,0.1443458124276341,-0.7815420560747663,-0.7524271844660194,69217.12385702411,-0.02911487160874693
DUVAL,937.0,819.0,66.0,45.0,8133.0,6114.0,208.0,172.0,7962.0,5963.0,8894.0,6693.0,7512.0,1993,2435,4447,125.0,455.0,2443.0,2575.0,180261100.0,5053.0,9831.0,2992.0,0.10902555910543131,0.0059904153354632585,0.7937965921192758,0.022896698615548456,0.016640042598509052,0.06056975505857295,-0.09939284911176077,0.026123095190975665,60247.69385026738,-0.12551594430273644
EASTLAND,13653.0,11156.0,169.0,123.0,3380.0,2309.0,497.0,371.0,2934.0,1953.0,4072.0,2830.0,13986.0,912,7396,8357,1344.0,2807.0,7237.0,983.0,547799100.0,8293.0,17725.0,7168.0,0.7976547976547976,0.008794508794508795,0.13963963963963963,0.026526526526526525,0.0960960960960961,0.2007007007007007,-0.7758765107095847,-0.7541299891474739,76422.86551339286,-0.021746521562110877
ECTOR,51023.0,40953.0,2940.0,2161.0,108362.0,74112.0,9522.0,6512.0,100051.0,68159.0,114148.0,78507.0,119460.0,9900,32467,42748,7985.0,17156.0,32697.0,11367.0,5741119000.0,44591.0,165171.0,62422.0,0.34281767955801107,0.01808973715051063,0.5705591829901222,0.05451197053406998,0.06684245772643563,0.14361292482839444,-0.5279077383737252,-0.47834764862864704,91972.6859120182,-0.04956008974507814
EDWARDS,651.0,570.0,26.0,14.0,725.0,535.0,17.0,14.0,718.0,528.0,771.0,570.0,1140.0,133,869,1005,12.0,239.0,893.0,168.0,24610500.0,1066.0,1422.0,474.0,0.5,0.012280701754385965,0.4631578947368421,0.012280701754385965,0.010526315789473684,0.20964912280701756,-0.7323383084577114,-0.6801125703564728,51920.88607594937,-0.05222573810123865
EL PASO,97980.0,81102.0,18387.0,13375.0,743310.0,544882.0,38046.0,25781.0,714930.0,523709.0,766857.0,563040.0,644142.0,143156,105124,252005,69062.0,145430.0,83993.38366011072,177556.2032399338,22915122520.607735,265723.4861987809,864837.0,294811.73390857386,0.12590702050169061,0.020764055130700995,0.813033461565928,0.040023783575671205,0.1072154897522596,0.2257731990772221,0.1509176405230055,0.3521059463664839,77727.98666051096,-0.2011883058434784
ELLIS,106495.0,83519.0,2639.0,1708.0,77843.0,51592.0,27000.0,18423.0,52032.0,33562.0,85960.0,57465.0,140984.0,33850,64763,99818,10968.0,39115.0,56719.81420299727,27566.898841961854,7841687500.0,85692.78286784742,192455.0,68852.0,0.5924005560914714,0.012114849912046756,0.2380553821710265,0.13067440276910855,0.07779606196447823,0.2774428303921012,-0.3096936424292212,-0.3402026913514302,113891.93487480393,0.030509048922209014
ERATH,30006.0,24826.0,557.0,381.0,10774.0,7628.0,1646.0,1346.0,9254.0,6339.0,12539.0,9011.0,33837.0,2871,15349,18400,6706.0,9159.0,13684.0,2916.0,1420136400.0,16877.0,42545.0,16379.0,0.733693885391731,0.011259863463072967,0.1873393031297101,0.03977894021337589,0.1981854183290481,0.27068002482489584,-0.6781521739130435,-0.6380280855602299,86704.70724708468,-0.04012408835281356
FALLS,8707.0,7321.0,106.0,78.0,7845.0,5781.0,4023.0,3033.0,3965.0,2791.0,8261.0,6125.0,13446.0,1713,4520,6277,679.0,1862.0,4177.0,1899.0,437857300.0,6133.0,16968.0,6009.0,0.5444741930685706,0.005800981704596163,0.20757102484010115,0.22556894243641232,0.05049828945411275,0.13847984530715454,-0.44718814720407835,-0.3714332300668514,72866.91629222833,-0.07575491713722693
FANNIN,27042.0,21882.0,319.0,237.0,6760.0,4847.0,2628.0,2066.0,4218.0,2816.0,8620.0,6245.0,28127.0,2607,13648,16395,1317.0,5347.0,12171.0,2655.0,1212080000.0,15007.0,35662.0,12793.0,0.7779713442599637,0.008426067479645891,0.10011732499022291,0.07345255448501439,0.04682333700714616,0.1901020371884666,-0.6734370234827691,-0.6341040847604451,94745.56398030173,-0.03933293872232402
FAYETTE,17041.0,14404.0,129.0,96.0,6785.0,4509.0,1722.0,1141.0,5216.0,3423.0,7394.0,4992.0,19396.0,2528,10680,13359,457.0,5067.0,10171.0,2661.0,1011517100.0,12980.0,24435.0,9855.0,0.7426273458445041,0.004949474118374922,0.17647968653330584,0.05882656217776861,0.02356155908434729,0.2612394308104764,-0.6102253162661876,-0.578582434514638,102639.98985286657,-0.03164288175154961
FISHER,2496.0,2010.0,27.0,17.0,1088.0,765.0,149.0,87.0,973.0,689.0,1176.0,852.0,2862.0,330,1487,1834,113.0,497.0,1448.0,352.0,127284000.0,1826.0,3672.0,1590.0,0.7023060796645703,0.005939902166317261,0.24074074074074073,0.03039832285115304,0.03948287910552061,0.17365478686233404,-0.6308615049073064,-0.6002190580503834,80052.83018867925,-0.030642446856922967
FLOYD,2079.0,1736.0,39.0,18.0,3228.0,2135.0,207.0,127.0,3067.0,2023.0,3323.0,2193.0,3929.0,358,1715,2090,96.0,617.0,1584.0,438.0,160991600.0,2040.0,5402.0,1939.0,0.44184270806821074,0.004581318401628913,0.514889284805294,0.03232374650038178,0.02443369814202087,0.15703741410027997,-0.6492822966507177,-0.5617647058823529,83028.15884476535,-0.08751759076836474
FOARD,845.0,727.0,12.0,9.0,220.0,148.0,33.0,19.0,197.0,136.0,250.0,172.0,899.0,92,448,545,12.0,98.0,445.00000000000006,99.0,28595300.0,551.0,1095.0,421.0,0.8086763070077865,0.010011123470522803,0.15127919911012236,0.021134593993325918,0.013348164627363738,0.10901001112347053,-0.653211009174312,-0.6279491833030855,67922.32779097387,-0.025261825871226495
FORT BEND,243609.0,187164.0,194262.0,140162.0,375439.0,261979.0,183752.0,129834.0,198568.0,135551.0,578989.0,409661.0,596825.0,179310,173592,363515,58063.0,285460.0,157186.93743050628,194886.93872302648,39727957471.487114,357121.57533421495,822598.0,279986.7940693634,0.3135994638294307,0.23484606040296568,0.22712017760650108,0.21754115528002346,0.09728647425962385,0.47829765844259203,0.015729749803997106,0.10556629421573976,141892.25460985486,-0.08983654441174266
FRANKLIN,7876.0,6343.0,104.0,62.0,1943.0,1273.0,534.0,329.0,1455.0,967.0,2483.0,1680.0,8023.0,813,4473,5311,286.0,2221.0,4161.0,804.0,395062700.0,5009.0,10359.0,3942.0,0.7906020191948149,0.007727782624953259,0.1205284806182226,0.041007104574348745,0.03564751339897794,0.27682911629066437,-0.6891357559781586,-0.6701936514274307,100218.84830035515,-0.018942104550727867
FREESTONE,19125.0,15619.0,192.0,124.0,9767.0,7223.0,4846.0,3859.0,5042.0,3412.0,10482.0,7818.0,23437.0,1500,7509,9056,564.0,2280.0,6991.0,1635.0,543112100.0,8719.0,29607.0,6867.0,0.666424883730853,0.005290779536630115,0.14558177241114478,0.16465417928915818,0.02406451337628536,0.09728207535094081,-0.6635379858657244,-0.6142906296593645,79090.15581767875,-0.049247356206359894
FRIO,3053.0,2534.0,218.0,185.0,14897.0,10967.0,767.0,693.0,14171.0,10302.0,15332.0,11291.0,13825.0,1848,3060,4939,629.0,1330.0,2823.0,2422.0,358568500.0,5277.0,18385.0,5144.0,0.18329113924050633,0.013381555153707052,0.7451717902350814,0.05012658227848101,0.04549728752260398,0.09620253164556962,-0.24539380441384895,-0.07599014591624026,69706.16251944013,-0.1694036584976087
GAINES,12554.0,8136.0,139.0,89.0,8676.0,5741.0,356.0,216.0,8401.0,5544.0,9044.0,5999.0,14135.0,538,5840,6416,478.0,953.0,5355.0,576.0,661442700.0,5996.0,21598.0,7057.0,0.5755925008843297,0.0062964273081004595,0.3922178988326848,0.015281216837637071,0.033816766890696855,0.06742129465864874,-0.8263715710723193,-0.7970313542361573,93728.59572056115,-0.029340216836161948
GALVESTON,191358.0,155020.0,15633.0,11429.0,135256.0,94125.0,49170.0,35040.0,88633.0,60156.0,159310.0,112356.0,267376.0,56732,100295,158996,22854.0,85432.0,93760.55889939811,58774.546861564915,15646577876.032356,155108.41788478073,350668.0,138639.33490871883,0.5797827778110227,0.042745048171862844,0.22498653581473282,0.13105140326730896,0.08547513613787326,0.319520076596254,-0.27398802485597124,-0.22555843528635483,112858.14293854035,-0.048429589569616405
GARZA,2162.0,1798.0,56.0,33.0,3554.0,2911.0,381.0,257.0,3272.0,2701.0,3654.0,2991.0,4789.0,213,1374,1602,179.0,459.0,1413.0,231.0,98053900.0,1653.0,5816.0,1433.0,0.37544372520359154,0.006890791396951347,0.564000835247442,0.053664648152015035,0.03737732303194821,0.09584464397577783,-0.7247191011235955,-0.7150635208711433,68425.61060711794,-0.009655580252452167
GILLESPIE,19884.0,17137.0,213.0,156.0,5941.0,4053.0,245.0,135.0,5766.0,3944.0,6841.0,4784.0,21921.0,3160,13202,16492,335.0,7327.0,12514.0,3177.0,1146600800.0,15851.0,26725.0,11272.0,0.7817617809406505,0.007116463664978787,0.1799187993248483,0.006158478171616259,0.015282149536973677,0.33424570046986907,-0.6089012854717438,-0.5890480095893004,101721.14975159688,-0.019853275882443455
GLASSCOCK,710.0,564.0,2.0,2.0,399.0,277.0,27.0,18.0,387.0,267.0,406.0,280.0,844.0,38,623,663,2.0,312.0,611.0,39.0,56932300.0,653.0,1116.0,441.0,0.6682464454976303,0.002369668246445498,0.31635071090047395,0.02132701421800948,0.002369668246445498,0.3696682464454976,-0.8823529411764706,-0.8759571209800919,129098.18594104308,-0.006395820196378632
GOLIAD,4246.0,3505.0,60.0,43.0,2569.0,1840.0,349.0,250.0,2288.0,1633.0,2766.0,1995.0,5500.0,778,3178,3990,96.0,1012.0,3085.0,877.0,272186300.0,3994.0,7012.0,2800.0,0.6372727272727273,0.007818181818181818,0.2969090909090909,0.045454545454545456,0.017454545454545455,0.184,-0.6015037593984962,-0.5528292438657988,97209.39285714286,-0.048674515532697415
GONZALES,7409.0,6233.0,102.0,75.0,8848.0,6012.0,1303.0,913.0,7747.0,5173.0,9219.0,6308.0,12541.0,1729,5981,7769,403.0,1716.0,5627.0,1948.0,617129300.0,7647.0,16628.0,7656.0,0.49700980783031656,0.005980384339366877,0.41248704250059803,0.07280121202455944,0.03213459851686468,0.13683119368471414,-0.5473033852490669,-0.4811037007976985,80607.27533960293,-0.06619968445136837
GRAY,13025.0,10552.0,192.0,138.0,7313.0,4869.0,1039.0,804.0,6347.0,4097.0,8202.0,5550.0,16102.0,845,6691,7581,541.0,2297.0,6840.0,829.0,640348100.0,7782.0,21227.0,7926.0,0.6553223202086698,0.008570363929946591,0.2544404421810955,0.049931685504906224,0.03359831076884859,0.1426530865730965,-0.7711383722464055,-0.7724235415060396,80790.8276558163,0.001285169259634178
GRAYSON,95211.0,77134.0,2686.0,1858.0,30196.0,19397.0,9856.0,6595.0,20868.0,12990.0,40332.0,26789.0,103923.0,14800,50556,66041,7014.0,23078.0,44161.88644688645,14505.226373626374,5055823729.945554,59574.06593406593,135543.0,53322.09074410163,0.7422226071225811,0.01787862167181471,0.12499639155913513,0.06346044667686652,0.06749227793654917,0.22206826207865438,-0.5414212383216487,-0.49781158308185336,94816.68215541262,-0.04360965523979532
GREGG,68050.0,55477.0,2137.0,1572.0,50879.0,34535.0,27498.0,19755.0,24040.0,15040.0,56189.0,38526.0,94003.0,13294,33026,46738,6084.0,18692.0,32483.841360419996,14794.718557406984,4188126620.1357465,47971.403332572474,124239.0,47324.47963800905,0.5901620161058689,0.01672287054668468,0.15999489377998574,0.21015286746167675,0.0647213386806804,0.19884471772177484,-0.42218323419915277,-0.3687430755439697,88498.10187394048,-0.05344015865518309
GRIMES,16910.0,14091.0,195.0,151.0,11400.0,8192.0,4217.0,3249.0,7361.0,5011.0,12358.0,8954.0,23045.0,2734,11197,14051,1075.0,4205.0,9432.0,2833.0,959585900.0,12414.0,29268.0,10289.0,0.6114558472553699,0.006552397483185072,0.21744413104794966,0.14098502929051854,0.04664786287697982,0.18246908223041874,-0.6023058857020853,-0.5315772514902529,93263.2811740694,-0.0707286342118324
GUADALUPE,84063.0,66985.0,5607.0,3780.0,79288.0,54385.0,16066.0,11044.0,65233.0,44169.0,88643.0,61237.0,128222.0,29573,54691,85350,10215.0,38398.0,47441.0,28776.0,6951005100.0,77617.0,172706.0,62953.0,0.5224142502846625,0.029480120416153235,0.344472867370654,0.08613186504655987,0.07966651588650933,0.2994649904072624,-0.2942940831868776,-0.2404756689900408,110415.78796880212,-0.053818414196836806
HALE,10693.0,8928.0,243.0,171.0,21052.0,14598.0,1807.0,1328.0,19489.0,13372.0,21829.0,15215.0,24143.0,1903,7283,9285,1841.0,3395.0,7177.0,2279.0,748816600.0,9586.0,32522.0,11034.0,0.36979662842231703,0.0070827983266371205,0.5538665451683717,0.05500559168288945,0.07625398666280081,0.14062046970136272,-0.5794291868605277,-0.5109534738159817,67864.47344571324,-0.06847571304454603
HALL,1589.0,1379.0,30.0,11.0,1159.0,764.0,237.0,160.0,950.0,617.0,1236.0,820.0,2199.0,149,992,1150,85.0,367.0,995.0,168.0,72441200.0,1169.0,2825.0,1158.0,0.6271032287403365,0.0050022737608003635,0.28058208276489316,0.07276034561164166,0.03865393360618463,0.16689404274670305,-0.7330434782608696,-0.7074422583404619,62557.16753022453,-0.025601219920407647
HAMILTON,6805.0,5506.0,63.0,53.0,1104.0,718.0,68.0,45.0,1045.0,678.0,1417.0,985.0,6491.0,625,3809,4480,129.0,1445.0,3610.0,639.0,278364500.0,4362.0,8222.0,3134.0,0.8482514250500693,0.00816515174857495,0.10445231859497767,0.006932676012940995,0.01987367123709752,0.22261592974888306,-0.7107142857142856,-0.6811095827602017,88820.83599234205,-0.029604702954083906
HANSFORD,2552.0,2019.0,15.0,10.0,2643.0,1679.0,43.0,24.0,2615.0,1656.0,2733.0,1757.0,3776.0,146,1842,1999,138.0,1019.0,1849.0,166.0,168534000.0,2047.0,5285.0,1827.0,0.5346927966101694,0.0026483050847457626,0.4385593220338983,0.006355932203389831,0.036546610169491525,0.2698622881355932,-0.848424212106053,-0.8221787982413287,92246.30541871922,-0.026245413864724343
HARDEMAN,2441.0,1998.0,30.0,21.0,983.0,637.0,195.0,134.0,818.0,516.0,1108.0,742.0,2740.0,188,1210,1405,106.0,375.0,1330.0,241.0,94409700.0,1580.0,3549.0,1298.0,0.7291970802919708,0.007664233576642336,0.18832116788321168,0.04890510948905109,0.03868613138686131,0.13686131386861314,-0.7274021352313167,-0.6892405063291139,72734.74576271187,-0.03816162890220276
HARDIN,46934.0,36260.0,608.0,408.0,6891.0,4578.0,3559.0,2458.0,3417.0,2150.0,9297.0,6372.0,42632.0,3347,24691,28157,1819.0,8312.0,23858.0,3474.0,2045735400.0,27635.0,56231.0,21750.0,0.8505348095327454,0.009570275849127416,0.05043160067554888,0.057656220679301935,0.04266747982735973,0.19497091386751736,-0.758035302056327,-0.7376153428623123,94056.8,-0.020419959194014625
HARRIS,1309513.0,1075603.0,392392.0,302317.0,2967138.0,2091318.0,981425.0,712128.0,2034624.0,1405301.0,3421370.0,2443799.0,3519402.0,807059,721887,1554941,275033.0,1042972.0,700253.8729068377,917430.320881696,187946585101.60083,1639670.8943887227,4730883.0,1727842.3721687254,0.30562095492359215,0.08590010462004624,0.399301074443897,0.202343466304787,0.07814765122029253,0.29634920932590253,0.0547750686360447,0.1324512429403235,108775.30735960425,-0.07767617430427881
HARRISON,42039.0,33128.0,718.0,482.0,24107.0,16669.0,14553.0,10766.0,9839.0,6012.0,26800.0,18737.0,51865.0,7369,22658,30243,3559.0,10782.0,21466.0,7908.0,2131429700.0,29717.0,68839.0,25599.0,0.6387351778656126,0.009293357755711945,0.11591632121854815,0.20757736431119253,0.0686204569555577,0.20788585751470162,-0.5055384717124625,-0.4562371706430662,83262.22508691746,-0.049301301069396286
HARTLEY,3403.0,2700.0,39.0,34.0,1861.0,1433.0,249.0,230.0,1631.0,1219.0,1979.0,1522.0,4222.0,163,1843,2016,78.0,948.0,1868.0,195.0,165429500.0,2078.0,5382.0,1635.0,0.63950734249171,0.008053055423969682,0.28872572240644245,0.05447655139744197,0.018474656560871626,0.2245381335859782,-0.8333333333333333,-0.8051010587102984,101180.12232415902,-0.028232274623034903
HASKELL,3628.0,3005.0,43.0,23.0,1599.0,1175.0,268.0,192.0,1377.0,997.0,1788.0,1327.0,4332.0,312,1915,2243,48.0,896.0,1840.0,353.0,192881000.0,2214.0,5416.0,2108.0,0.6936749769159741,0.00530932594644506,0.2301477377654663,0.0443213296398892,0.0110803324099723,0.20683287165281625,-0.7146678555506019,-0.6716350496838303,91499.52561669829,-0.043032805866771606
HAYS,121560.0,98946.0,10226.0,8059.0,103957.0,74206.0,13049.0,9648.0,92863.0,65536.0,119488.0,86563.0,185509.0,65528,58438,125827,32164.0,71229.0,47672.5020746888,59511.884647302904,10615434217.251522,109375.0307053942,241048.0,94487.2438457772,0.5333757391824655,0.04344263620632961,0.35327666043156936,0.052008258359432694,0.1733824234942779,0.38396519845398336,0.05634720687928668,0.10824575313266827,112347.80257299192,-0.05189854625338158
HEMPHILL,2090.0,1621.0,39.0,20.0,1156.0,691.0,29.0,8.0,1137.0,687.0,1292.0,775.0,2396.0,190,1412,1614,131.0,564.0,1486.0,206.0,153153000.0,1720.0,3382.0,1368.0,0.6765442404006677,0.008347245409015025,0.28672787979966613,0.00333889816360601,0.05467445742904841,0.2353923205342237,-0.7571251548946716,-0.7441860465116279,111953.94736842105,-0.012939108383043685
HENDERSON,461967.0,379546.0,5956.0,4361.0,127194.0,85788.0,43874.0,31703.0,85161.0,54785.0,154068.0,107224.0,486770.0,6919,31379,38603,3229.0,12501.0,28911.0,7060.0,2784112600.0,36368.0,616035.0,32597.0,0.7797234833699694,0.008959056638658916,0.11254802062575754,0.06512932185631817,0.0066335230190849885,0.025681533373050926,-0.6336295106597933,-0.6008304003519578,85410.08681780532,-0.032799110307835555
HIDALGO,53334.0,45104.0,10693.0,7999.0,803859.0,552861.0,7101.0,4604.0,799964.0,549857.0,817395.0,563084.0,608188.0,104517,110760,217265,53908.0,108807.0,90345.0,128005.0,18939761641.58786,220504.0,870729.0,264108.3284557848,0.07416127907817978,0.013152183206508513,0.9040905114865798,0.00757002768880675,0.08863706617032892,0.17890356271416075,-0.028734494741444794,0.17079055255233466,71712.09538270438,-0.19952504729377946
HILL,24123.0,19682.0,278.0,181.0,10291.0,6656.0,2527.0,1693.0,7884.0,4990.0,11751.0,7804.0,27486.0,2919,13669,16706,1609.0,4770.0,11926.0,2860.0,1078628700.0,14931.0,35874.0,13457.0,0.7160736374881758,0.00658517063232191,0.1815469693662228,0.06159499381503311,0.05853889252710471,0.17354289456450556,-0.643481383933916,-0.6071930882057465,80153.72668499665,-0.036288295728169495
HOCKLEY,9752.0,7949.0,97.0,69.0,11295.0,7591.0,803.0,542.0,10624.0,7088.0,11785.0,7988.0,15937.0,1323,6616,7987,1212.0,2569.0,6536.0,1482.0,620563300.0,8102.0,21537.0,8058.0,0.4987764322017946,0.004329547593649997,0.44475120788103156,0.0340089100834536,0.07604944468846081,0.1611972140302441,-0.6627018905721798,-0.62379659343372,77012.0749565649,-0.038905297138459805
HOOD,49815.0,41276.0,755.0,517.0,8774.0,5632.0,931.0,544.0,7958.0,5137.0,11783.0,7933.0,49209.0,6051,30167,36527,2224.0,15613.0,26672.0,5701.0,2812873100.0,32828.0,61598.0,24988.0,0.8387896522993761,0.010506208213944603,0.1043914731045134,0.01105488833343494,0.04519498465727814,0.3172793594667642,-0.660223943931886,-0.638814426708907,112568.95709940772,-0.021409517222979013
HOPKINS,40764.0,32442.0,705.0,494.0,15913.0,10490.0,5329.0,3773.0,10757.0,6774.0,18400.0,12375.0,44817.0,2917,13754,16778,1165.0,5321.0,12719.0,3046.0,1202509000.0,15941.0,59164.0,13878.0,0.7238771002075105,0.011022603030100185,0.15114800187428878,0.08418680411451011,0.025994600263292946,0.11872726867037062,-0.6459053522469901,-0.6068000752775861,86648.58048710189,-0.039105276969404024
HOUSTON,12957.0,10917.0,186.0,132.0,8439.0,6447.0,5462.0,4292.0,3071.0,2207.0,9109.0,6969.0,17886.0,2065,7247,9373,992.0,2670.0,7060.0,2314.0,587572400.0,9448.0,22066.0,7795.0,0.6103656491110365,0.007380073800738007,0.12339259756233927,0.23996421782399643,0.05546237280554624,0.14927876551492789,-0.5528646111170383,-0.5023285351397122,75378.11417575368,-0.05053607597732612
HOWARD,19446.0,15703.0,677.0,470.0,21048.0,15368.0,2480.0,1635.0,18982.0,13918.0,22567.0,16545.0,32248.0,1759,7817,9650,1554.0,3581.0,8054.0,2069.0,1096730505.170068,10240.0,42013.0,11926.55918367347,0.48694492681716695,0.014574547258744729,0.4315926569089556,0.05070081865542049,0.04818903497891342,0.11104564624162738,-0.6277720207253885,-0.58447265625,91956.99180962492,-0.04329936447538851
HUDSPETH,2397.0,2249.0,48.0,44.0,3849.0,3044.0,62.0,32.0,3821.0,3020.0,3991.0,3164.0,5413.0,272,747,1031,72.0,271.0,779.0,371.0,48377800.0,1165.0,6388.0,847.0,0.41548124884537224,0.008128579346018844,0.5579161278403842,0.005911694069831886,0.013301311657121744,0.05006465915388879,-0.46071774975751695,-0.35021459227467816,57116.64698937426,-0.11050315748283879
HUNT,78141.0,62388.0,1844.0,1309.0,33088.0,21707.0,10130.0,7292.0,23413.0,14608.0,39787.0,26772.0,89160.0,10212,36137,46733,6154.0,16230.0,29163.0,8906.0,3322558200.0,38597.0,117928.0,37549.0,0.6997308209959623,0.01468147151188874,0.16384028712427098,0.08178555406011664,0.06902198295199641,0.18203230148048452,-0.5547471807930155,-0.5248335362852035,88485.93038429786,-0.029913644507812087
HUTCHINSON,13783.0,10917.0,200.0,137.0,5589.0,3563.0,757.0,432.0,4961.0,3153.0,6834.0,4513.0,15430.0,913,7273,8244,975.0,2342.0,7681.0,965.0,588438400.0,8785.0,20617.0,6944.0,0.7075178224238496,0.008878807517822425,0.20434219053791317,0.02799740764744005,0.06318859364873623,0.15178224238496435,-0.7714701601164483,-0.7644849174729653,84740.5529953917,-0.006985242643482992
IRION,1112.0,882.0,23.0,13.0,369.0,272.0,30.0,15.0,349.0,262.0,401.0,302.0,1184.0,105,761,868,6.0,237.0,763.0,120.0,47268600.0,893.0,1513.0,606.0,0.7449324324324325,0.01097972972972973,0.22128378378378377,0.01266891891891892,0.005067567567567568,0.20016891891891891,-0.7557603686635944,-0.7200447928331467,78000.9900990099,-0.03571557583044771
JACK,6358.0,5135.0,72.0,40.0,1836.0,1316.0,350.0,306.0,1521.0,1029.0,2114.0,1514.0,6649.0,363,3819,4201,268.0,957.0,3409.5420408163263,330.0979591836735,254885170.78152752,3772.5763265306123,8472.0,2906.3463587921847,0.7722965859527748,0.006015942246954429,0.15476011430290268,0.046021958189201385,0.04030681305459467,0.1439314182583847,-0.8226612711259225,-0.8162708491744719,87699.5166148925,-0.0063904219514505645
JACKSON,8510.0,6899.0,228.0,146.0,5877.0,4012.0,1186.0,767.0,4829.0,3282.0,6478.0,4441.0,11340.0,904,5360,6300,474.0,1659.0,5231.0,1033.0,460501900.0,6351.0,14988.0,5424.0,0.6083774250440918,0.012874779541446208,0.2894179894179894,0.06763668430335097,0.0417989417989418,0.14629629629629629,-0.7073015873015873,-0.6609982679892931,84900.79277286136,-0.046303319312294255
JASPER,23795.0,19005.0,193.0,128.0,8107.0,5694.0,5950.0,4263.0,2198.0,1456.0,9185.0,6534.0,25539.0,2615,13162,15860,613.0,2940.0,12542.0,2954.0,1023269700.0,15627.0,32980.0,13667.0,0.7441559967109127,0.005011942519284232,0.05701084615685814,0.16692117937272408,0.024002505971259643,0.1151180547398097,-0.6650063051702395,-0.61355346515646,74871.56654715739,-0.05145284001377948
JEFF DAVIS,1282.0,1164.0,39.0,27.0,627.0,472.0,28.0,18.0,613.0,463.0,714.0,547.0,1711.0,450,699,1169,0.0,427.0,784.0,501.0,61988500.0,1305.0,1996.0,847.0,0.6803039158386909,0.015780245470485097,0.2706019871420222,0.010520163646990065,0.0,0.24956165984804207,-0.21300256629597947,-0.21685823754789274,73185.95041322314,0.003855671251913273
JEFFERSON,96047.0,80230.0,11256.0,8416.0,145686.0,104087.0,88504.0,65254.0,58915.0,39717.0,160479.0,115450.0,195680.0,38936,46596,86433,11295.0,34406.0,47569.0,46073.0,7918443943.142857,94758.0,256526.0,93645.5719047619,0.4100061324611611,0.04300899427636958,0.20296913327882257,0.33347301717089123,0.057721790678659034,0.1758278822567457,-0.08862355813173212,-0.015787585217079236,84557.59073366501,-0.07283597291465288
JIM HOGG,414.0,335.0,36.0,29.0,4287.0,3081.0,11.0,8.0,4281.0,3077.0,4424.0,3181.0,3516.0,856,725,1585,217.0,467.0,831.2863387978142,1194.4382513661203,74288231.05590062,2031.6983606557378,4838.0,1219.6583850931677,0.09527872582480092,0.008248009101251423,0.8751422070534699,0.0022753128555176336,0.06171786120591581,0.13282138794084186,0.0826498422712934,0.1787430258353398,60909.0479464263,-0.09609318356404639
JIM WELLS,6963.0,5695.0,216.0,140.0,31082.0,22288.0,414.0,249.0,30835.0,22115.0,31928.0,22935.0,28630.0,5577,7636,13268,1630.0,3824.0,7453.0,6119.0,933494900.0,13682.0,38891.0,13298.0,0.1989172196996158,0.004889975550122249,0.7724414949353825,0.008697170799860286,0.056933286762137617,0.13356618931191058,-0.15518540850165813,-0.09750036544364854,70198.14257783126,-0.05768504305800959
JOHNSON,123950.0,97183.0,2911.0,1993.0,51840.0,33706.0,9023.0,5892.0,43654.0,28145.0,62143.0,41294.0,138477.0,19247,60752,80930,7030.0,30467.0,54592.192339367466,16449.78363865657,6299871905.417181,71968.12534699685,186093.0,63429.7741884537,0.7017988546834493,0.014392281750760055,0.2032467485575222,0.042548582075001624,0.050766553290438124,0.2200148761166114,-0.5128506116396887,-0.5299903049691225,99320.42145853901,0.01713969332943377
JONES,11485.0,9555.0,158.0,107.0,7599.0,6222.0,2187.0,1963.0,5504.0,4302.0,8178.0,6632.0,16187.0,907,5988,6959,395.0,1584.0,5660.0,999.0,466160900.0,6747.0,19663.0,6028.0,0.5902885031197875,0.006610242787422005,0.26576882683635017,0.12127015506270464,0.024402298140483104,0.09785630444183605,-0.7301336398907888,-0.6908255520972284,77332.59787657598,-0.03930808779356043
KARNES,5388.0,4614.0,196.0,160.0,8910.0,6892.0,1265.0,1141.0,7734.0,5805.0,9322.0,7241.0,11855.0,1051,4001,5075,301.0,1810.0,3968.0,1234.0,410206000.0,5253.0,14710.0,4643.0,0.38920286798819065,0.013496415014761703,0.48966680725432304,0.0962463095740194,0.025390130746520457,0.15267819485449177,-0.58128078817734,-0.520464496478203,88349.34309713547,-0.06081629169913694
KAUFMAN,78626.0,60951.0,3026.0,2045.0,59668.0,37561.0,24448.0,15754.0,36165.0,22171.0,66684.0,42695.0,103646.0,24726,44061,69536,9212.0,27249.0,37624.0,18405.0,5196313100.0,56703.0,145310.0,49703.0,0.5880690041101442,0.019730621538699034,0.21391081180170968,0.15199814754066726,0.08887945506821296,0.26290450186210756,-0.27805740911182697,-0.3389415022132868,104547.27280043458,0.06088409310145981
KENDALL,31767.0,25680.0,743.0,510.0,10509.0,7038.0,603.0,354.0,10029.0,6743.0,12512.0,8499.0,34179.0,6340,22655,29408,2195.0,16418.0,20080.341399607587,6019.079463701766,2684647723.742027,26512.36527141923,44279.0,17246.971651311127,0.7513385412095146,0.014921442991310454,0.1972848825302086,0.010357236899850785,0.06422072032534597,0.48035343339477454,-0.5547810119695321,-0.5303661816648284,155659.07905565196,-0.024414830304703705
KENEDY,73.0,60.0,10.0,5.0,264.0,202.0,12.0,6.0,261.0,202.0,277.0,207.0,267.0,41,115,158,0.0,5.0,127.0,65.0,1265600.0,194.0,350.0,17.0,0.2247191011235955,0.018726591760299626,0.7565543071161048,0.02247191011235955,0.0,0.018726591760299626,-0.46835443037974683,-0.3195876288659794,74447.05882352941,-0.14876680151376742
KENT,657.0,532.0,9.0,6.0,86.0,68.0,11.0,10.0,81.0,63.0,96.0,76.0,608.0,50,390,446,49.0,166.0,408.0,47.0,23652900.0,459.0,753.0,274.0,0.875,0.009868421052631578,0.10361842105263158,0.01644736842105263,0.0805921052631579,0.2730263157894737,-0.7623318385650224,-0.7864923747276688,86324.45255474452,0.02416053616264635
KERR,35791.0,31154.0,851.0,613.0,14502.0,10250.0,1127.0,792.0,13598.0,9564.0,16807.0,12116.0,43270.0,6315,21615,28170,2197.0,12430.0,20869.04356357928,6519.49568288854,2105485541.7468162,27730.376766091053,52598.0,22251.049235160794,0.7199907557198983,0.014166859255835452,0.22103073723133812,0.01830367460134042,0.050774208458516296,0.28726600415992604,-0.5431309904153354,-0.5174667478098419,94624.10151966037,-0.025664242605493492
KIMBLE,3136.0,2713.0,60.0,56.0,1013.0,731.0,37.0,36.0,986.0,704.0,1150.0,844.0,3557.0,261,2126,2404,57.0,870.0,1987.0,284.0,161362900.0,2292.0,4286.0,1858.0,0.7627213944335114,0.015743604160809672,0.19791959516446445,0.010120888389091932,0.01602473994939556,0.24458813606972168,-0.7757903494176372,-0.7430191972076788,86847.63186221744,-0.03277115220995841
KING,230.0,165.0,4.0,3.0,31.0,20.0,8.0,2.0,25.0,20.0,35.0,24.0,189.0,6,129,135,2.0,56.0,151.0,8.0,6637600.0,159.0,265.0,90.0,0.873015873015873,0.015873015873015872,0.10582010582010581,0.010582010582010581,0.010582010582010581,0.2962962962962963,-0.9111111111111112,-0.89937106918239,73751.11111111111,-0.011740041928721245
KINNEY,1489.0,1332.0,46.0,31.0,1517.0,1138.0,66.0,42.0,1470.0,1097.0,1640.0,1242.0,2574.0,345,1062,1422,136.0,497.0,1144.0,446.0,83917000.0,1604.0,3129.0,1180.0,0.5174825174825175,0.012043512043512044,0.4261849261849262,0.016317016317016316,0.05283605283605284,0.1930846930846931,-0.5042194092827004,-0.43516209476309226,71116.10169491525,-0.06905731451960812
KLEBERG,6728.0,5678.0,973.0,806.0,23006.0,17032.0,1361.0,1001.0,21920.0,16147.0,24312.0,18113.0,23791.0,4345,5614,10040,4530.0,4793.0,5575.0,5381.0,843305400.0,11097.0,31040.0,11794.0,0.2386616787860956,0.033878357362027656,0.6787020301794796,0.04207473414316338,0.1904081375309991,0.20146273801017192,-0.12639442231075698,-0.017482202397044233,71502.91673732406,-0.10891221991371275
KNOX,1935.0,1594.0,34.0,12.0,1309.0,850.0,210.0,142.0,1130.0,709.0,1418.0,932.0,2526.0,214,1156,1376,72.0,377.0,1180.0,265.0,89700900.0,1456.0,3353.0,1256.0,0.6310372129849564,0.004750593824228029,0.28068091844813936,0.056215360253365,0.028503562945368172,0.14924782264449724,-0.684593023255814,-0.6284340659340659,71417.91401273885,-0.056158957321748026
LA SALLE,1467.0,1332.0,28.0,18.0,5132.0,3887.0,259.0,238.0,4908.0,3667.0,5197.0,3936.0,5268.0,933,1417,2360,394.0,364.0,1335.0,1052.0,106971200.0,2406.0,6664.0,1683.0,0.2528473804100228,0.003416856492027335,0.6960895975702354,0.04517843583902809,0.074791192103265,0.06909643128321943,-0.20508474576271185,-0.11762261014131342,63559.83363042187,-0.08746213562139843
LAMAR,230829.0,185419.0,4152.0,3106.0,74189.0,49448.0,46708.0,32512.0,28463.0,17296.0,94688.0,64277.0,249696.0,4079,17044,21285,2000.0,7516.0,16760.0,4458.0,1569771900.0,21442.0,325517.0,20056.0,0.7425789760348583,0.012439125977188261,0.06926823016788415,0.1302063308983724,0.008009739843649877,0.030100602332436242,-0.6091143998120743,-0.5737337934894133,78269.44056641404,-0.035380606322660935
LAMB,4981.0,4064.0,41.0,31.0,7904.0,5320.0,544.0,350.0,7449.0,4999.0,8064.0,5447.0,9511.0,729,3398,4151,475.0,1161.0,3521.0,840.0,330531400.0,4418.0,13045.0,4644.0,0.42729471138681524,0.003259383871306908,0.5256019346020397,0.03679949532120702,0.049942172221638104,0.12206918305120387,-0.6429775957600578,-0.6068356722498868,71173.85874246339,-0.03614192351017098
LAMPASAS,15132.0,12417.0,512.0,361.0,5135.0,3411.0,1079.0,750.0,4179.0,2739.0,6495.0,4439.0,16856.0,2232,8961,11321,908.0,3405.0,8086.000000000001,2144.0,773860600.0,10399.0,21627.0,8147.0,0.7366516373991457,0.02141670621737067,0.16249406739439962,0.04449454200284765,0.053868058851447555,0.20200522069292834,-0.594382121720696,-0.5714010962592558,94987.18546704308,-0.022981025461440208
LAVACA,14564.0,11876.0,114.0,74.0,5316.0,3469.0,1497.0,991.0,3936.0,2523.0,5773.0,3805.0,15681.0,1235,9215,10497,429.0,3161.0,8804.0,1333.0,717349600.0,10205.0,20337.0,8370.0,0.7573496588227792,0.004719086792934124,0.16089535106179453,0.06319750015942861,0.027357949110388368,0.2015815317900644,-0.7602172049156901,-0.7320921117099461,85704.85065710872,-0.028125093205743967
LEE,10612.0,8632.0,123.0,80.0,6287.0,4119.0,1945.0,1352.0,4479.0,2800.0,6866.0,4541.0,13173.0,1640,6724,8427,616.0,2460.0,6255.0,1750.0,533634100.0,8100.0,17478.0,6720.0,0.655279738859789,0.006073028163668109,0.21255598572838383,0.10263417596599105,0.046762316860244436,0.18674561603279435,-0.6032989201376527,-0.5561728395061729,79409.83630952382,-0.04712608063147983
LEON,11659.0,9573.0,153.0,103.0,3469.0,2364.0,1059.0,824.0,2446.0,1556.0,4060.0,2833.0,12406.0,1033,7982,9060,469.0,1947.0,7523.0,1072.0,512229800.0,8685.0,15719.0,6546.0,0.7716427535063679,0.008302434305980978,0.1254231823311301,0.06641947444784782,0.037804288247622116,0.1569401902305336,-0.7669977924944812,-0.7427748992515832,78250.80965475099,-0.024222893242897947
LIBERTY,50044.0,39583.0,734.0,524.0,38563.0,25439.0,8052.0,6140.0,30797.0,19447.0,41584.0,27721.0,67304.0,5952,25241,31323,2691.0,7131.0,23302.0,5785.0,2523991200.0,29334.0,91628.0,30009.0,0.5881225484369428,0.007785569951265898,0.28894270771425173,0.09122786164269583,0.03998276476881017,0.10595209794365862,-0.6158094690802286,-0.5971568827981183,84107.8076577027,-0.018652586282110306
LIMESTONE,12530.0,10439.0,245.0,172.0,8945.0,6117.0,4117.0,2998.0,5013.0,3166.0,9616.0,6655.0,17094.0,1921,7081,9093,645.0,3022.0,6789.0,2213.0,601137100.0,9095.0,22146.0,8318.0,0.6106821106821106,0.010062010062010062,0.1852111852111852,0.17538317538317538,0.037732537732537735,0.1767871767871768,-0.5674694820191356,-0.503133589884552,72269.42774705458,-0.06433589213458357
LIPSCOMB,1786.0,1461.0,18.0,11.0,1140.0,748.0,22.0,15.0,1123.0,737.0,1273.0,843.0,2304.0,123,1125,1259,80.0,485.0,1205.0,131.0,100440800.0,1353.0,3059.0,1101.0,0.6341145833333334,0.004774305555555556,0.3198784722222222,0.006510416666666667,0.034722222222222224,0.2105034722222222,-0.795869737887212,-0.7937915742793792,91226.8846503179,-0.0020781636078328614
LIVE OAK,5968.0,5035.0,66.0,49.0,5031.0,3974.0,275.0,228.0,4790.0,3758.0,5367.0,4261.0,9296.0,761,4307,5093,284.0,1151.0,4201.0,820.0,321085600.0,5058.0,11335.0,4210.0,0.5416308089500861,0.005271084337349397,0.40425989672977625,0.024526678141135974,0.03055077452667814,0.12381669535283993,-0.6962497545650893,-0.6684460260972717,76267.36342042756,-0.027803728467817646
LLANO,17530.0,15459.0,194.0,147.0,2687.0,1803.0,233.0,149.0,2508.0,1679.0,3713.0,2654.0,18113.0,2613,10902,13629,213.0,5878.0,10078.438813349814,2464.866501854141,1149031128.125,12659.29171817058,21243.0,10217.60329861111,0.8534754044056755,0.008115717992601999,0.09269585380665821,0.008226135924474135,0.011759509744382488,0.3245183017722078,-0.6081884217477438,-0.6014216656819349,112456.03245148392,-0.006766756065808899
LOVING,56.0,36.0,3.0,2.0,3.0,2.0,3.0,2.0,1.0,0.0,8.0,4.0,40.0,10,86,97,0.0,0.0,50.0,2.0,4408700.0,54.0,64.0,36.0,0.9,0.05,0.0,0.05,0.0,0.0,-0.7835051546391752,-0.8888888888888888,122463.88888888889,0.10538373424971359
LUBBOCK,154994.0,126770.0,11533.0,9188.0,137329.0,95942.0,31107.0,22065.0,109170.0,74950.0,155645.0,110772.0,237542.0,37148,86547,125038,33911.0,68875.0,78739.0,39933.0,11022436500.0,120608.0,310639.0,124045.0,0.5336740450109876,0.03867947562957288,0.31552314959038824,0.09288883650049254,0.14275791228498538,0.2899487248570779,-0.39507189814296456,-0.32175311753780844,88858.36994639042,-0.07331878060515612
LYNN,2960.0,2201.0,34.0,19.0,2482.0,1692.0,151.0,87.0,2352.0,1610.0,2636.0,1807.0,4008.0,367,2171,2566,174.0,958.0,1852.9999999999998,429.0,179571500.0,2295.0,5596.0,2066.0,0.5491516966067864,0.004740518962075849,0.40169660678642716,0.021706586826347306,0.04341317365269461,0.23902195608782434,-0.7030397505845674,-0.620479302832244,86917.4733785092,-0.08256044775232341
MADISON,6984.0,5706.0,131.0,98.0,6099.0,4720.0,2724.0,2204.0,3415.0,2541.0,6471.0,4995.0,10701.0,964,4498,5489,803.0,1370.0,4167.692289988492,1087.6920598388951,335725896.96458685,5296.376064441887,13455.0,4135.441821247892,0.5332211942809083,0.009158022614708905,0.23745444350995235,0.20596205962059622,0.07503971591440052,0.12802541818521634,-0.6438331207870286,-0.5815297465049163,81182.59462377825,-0.0623033742821123
MARION,6869.0,5864.0,96.0,62.0,2380.0,1807.0,2026.0,1573.0,389.0,249.0,2856.0,2152.0,8016.0,1101,3577,4714,222.0,1147.0,3470.0,1339.0,272994300.0,4864.0,9725.0,4201.0,0.7315369261477046,0.007734530938123752,0.031062874251497005,0.19623253493013973,0.027694610778443114,0.1430888223552894,-0.5252439541790411,-0.43811677631578944,64983.17067364913,-0.08712717786325169
MARTIN,4472.0,3336.0,49.0,24.0,3223.0,2148.0,182.0,117.0,3074.0,2044.0,3370.0,2235.0,5571.0,247,1825,2086,74.0,577.0,1857.0,288.0,236377900.0,2160.0,7842.0,2033.0,0.5988152934841141,0.004308023694130318,0.36690001795009874,0.0210016155088853,0.013283073056901813,0.10357206964638306,-0.7564717162032598,-0.726388888888889,116270.48696507624,-0.03008282731437084
MASON,2948.0,2482.0,21.0,8.0,909.0,643.0,40.0,25.0,883.0,632.0,1005.0,720.0,3202.0,434,2076,2529,98.0,1139.0,1991.0,457.0,134846500.0,2474.0,3953.0,1550.0,0.7751405371642723,0.0024984384759525295,0.19737663960024984,0.007807620237351655,0.030605871330418487,0.3557151780137414,-0.649268485567418,-0.6200485044462409,86997.74193548386,-0.029219981121177074
MATAGORDA,51503.0,42782.0,2677.0,2134.0,85634.0,57741.0,20993.0,14158.0,66172.0,44141.0,90271.0,61523.0,104305.0,3231,9957,13312,1388.0,5684.0,9845.0,3733.0,1095426500.0,13727.0,141774.0,14824.0,0.4101625041944298,0.020459230142370933,0.42319160155313745,0.13573654187239345,0.013307128133838263,0.0544940319256028,-0.5052584134615384,-0.4452538792161434,73895.47355639504,-0.060004534245395036
MAVERICK,6123.0,4820.0,1202.0,891.0,219262.0,154828.0,1288.0,887.0,218501.0,154229.0,224818.0,158389.0,163209.0,6373,9285,15745,2650.0,5353.0,6881.0,8326.0,1221498600.0,15340.0,230941.0,18320.0,0.02953268508476861,0.005459257761520504,0.9449785244686261,0.005434749309167999,0.01623684968353461,0.03279843636073991,-0.18494760241346458,0.09419817470664926,66675.68777292577,-0.27914577712011385
MCCULLOCH,4904.0,4078.0,65.0,48.0,2517.0,1743.0,197.0,118.0,2369.0,1643.0,2726.0,1907.0,5985.0,455,3033,3513,180.0,1054.0,2904.0,490.0,216307300.0,3436.0,7630.0,3072.0,0.6813700918964077,0.008020050125313283,0.2745196324143693,0.019715956558061822,0.03007518796992481,0.17610693400167085,-0.7338457159123256,-0.7025611175785798,70412.53255208333,-0.03128459833374586
MCLENNAN,139693.0,114049.0,6704.0,5171.0,107816.0,73119.0,41799.0,28777.0,68587.0,45305.0,120886.0,83342.0,197391.0,33863,64606,99672,26197.0,49061.0,59499.0,36653.0,8452352752.447946,97791.0,260579.0,95963.91333708497,0.5777821683866032,0.02619673642668612,0.22951907635099877,0.14578678865804418,0.1327162839237858,0.24854729952226798,-0.3084416887390641,-0.23362068083975007,88078.45010194638,-0.07482100789931401
MCMULLEN,353.0,288.0,13.0,10.0,231.0,187.0,17.0,10.0,224.0,181.0,247.0,199.0,487.0,37,448,487,18.0,53.0,460.0,53.0,11935000.0,516.0,600.0,168.0,0.5913757700205339,0.02053388090349076,0.37166324435318276,0.02053388090349076,0.03696098562628337,0.10882956878850103,-0.8439425051334702,-0.7887596899224807,71041.66666666667,-0.055182815210989555
MEDINA,84271.0,69320.0,1975.0,1344.0,102843.0,75067.0,7225.0,5729.0,96705.0,69820.0,108380.0,79280.0,148600.0,6950,17464,24617,2112.0,8308.0,15642.0,6773.0,1627591900.0,22657.0,192651.0,17479.0,0.4664872139973082,0.009044414535666219,0.46985195154777926,0.03855316285329744,0.01421265141318977,0.05590847913862719,-0.4271032213510988,-0.3914463521207574,93116.99181875393,-0.03565686923034139
MENARD,1441.0,1200.0,10.0,9.0,792.0,601.0,39.0,30.0,759.0,576.0,837.0,643.0,1843.0,170,861,1040,8.0,385.0,958.2118226600985,231.26600985221674,67821953.96927017,1199.3300492610838,2278.0,950.1546592687437,0.6511123168746609,0.0048833423765599565,0.3125339120998372,0.016277807921866522,0.004340748779164406,0.20889853499728703,-0.6644230769230769,-0.6061265731278547,71379.90989958117,-0.05829650379522222
MIDLAND,87046.0,67349.0,5024.0,3379.0,95117.0,64235.0,13604.0,9277.0,82786.0,55464.0,104489.0,70927.0,138276.0,11351,46944,58968,8309.0,34518.0,45624.0,12329.0,8478255224.678022,58856.0,191535.0,67046.01869547155,0.48706210766872055,0.024436633978419973,0.4011108218345917,0.06709045676762417,0.06008996499754115,0.24963117243773322,-0.6035985619318952,-0.5657027320918853,126454.26812271948,-0.03789582984000994
MILAM,15367.0,12699.0,193.0,133.0,8582.0,5748.0,2520.0,1793.0,6264.0,4036.0,9387.0,6371.0,19070.0,2331,8691,11098,837.0,3556.0,7984.0,2496.0,835969300.0,10578.0,24754.0,10049.0,0.6659150498164657,0.006974305191400105,0.2116413214472994,0.09402202412165706,0.04389092815941269,0.18647089669638175,-0.5730762299513426,-0.5188126299867649,83189.30241815106,-0.054263599964577636
MILLS,3498.0,2895.0,26.0,17.0,770.0,531.0,52.0,33.0,728.0,506.0,958.0,674.0,3569.0,310,2418,2742,82.0,981.0,2217.0,271.0,156784100.0,2505.0,4456.0,1845.0,0.811151583076492,0.0047632390025217144,0.14177640795741103,0.009246287475483329,0.02297562342392827,0.27486690949845893,-0.7687819110138585,-0.7768463073852295,84977.83197831978,0.008064396371371019
MITCHELL,4328.0,3563.0,71.0,53.0,4457.0,3486.0,1072.0,887.0,3454.0,2618.0,4662.0,3652.0,7215.0,352,2144,2513,331.0,885.0,2170.0,397.0,218414200.0,2580.0,8990.0,2561.0,0.4938322938322938,0.007345807345807346,0.36285516285516284,0.12293832293832294,0.045876645876645875,0.12266112266112267,-0.713091922005571,-0.6872093023255814,85284.7325263569,-0.025882619679989616
MONTAGUE,16342.0,13134.0,129.0,101.0,2543.0,1560.0,206.0,90.0,2361.0,1483.0,3623.0,2418.0,15552.0,1208,9825,11097,458.0,2734.0,8615.0,1097.0,632397300.0,9832.0,19965.0,8142.0,0.8445216049382716,0.006494341563786008,0.09535751028806584,0.005787037037037037,0.029449588477366256,0.17579732510288065,-0.7765161755429395,-0.7646460537021968,77671.00221075903,-0.011870121840742653
MONTGOMERY,413349.0,324826.0,29729.0,20531.0,219151.0,143828.0,46463.0,30973.0,176055.0,114385.0,268487.0,179196.0,504022.0,82277,221964,307258,29072.0,168178.0,193372.46026224244,74374.65587369548,31547831221.24431,271530.99036660424,681836.0,235463.92412746587,0.6444679002107051,0.04073433302514573,0.22694445877362496,0.06145168266464559,0.057680021903805785,0.33367194289138175,-0.45462445241458316,-0.43824759828660276,133981.5911849249,-0.0163768541279804
MOORE,6499.0,5146.0,1071.0,619.0,13398.0,8849.0,832.0,581.0,12647.0,8298.0,14859.0,9798.0,14944.0,860,4458,5359,847.0,1714.0,4359.0,1062.0,578527200.0,5508.0,21358.0,7275.0,0.3443522483940043,0.04142130620985011,0.5552730192719486,0.03887847965738758,0.056678265524625265,0.1146948608137045,-0.6713939167755179,-0.5985838779956427,79522.63917525773,-0.07281003877987513
MORRIS,7716.0,6302.0,98.0,63.0,3850.0,2689.0,2705.0,2001.0,1182.0,697.0,4257.0,2998.0,9300.0,1312,4092,5446,348.0,1341.0,3841.0,1664.0,333381100.0,5551.0,11973.0,5038.0,0.6776344086021505,0.0067741935483870966,0.07494623655913979,0.21516129032258063,0.03741935483870968,0.14419354838709678,-0.5104663973558574,-0.39218158890290034,66173.30289797539,-0.11828480845295708
MOTLEY,858.0,705.0,18.0,11.0,166.0,102.0,18.0,12.0,153.0,91.0,205.0,136.0,841.0,35,612,650,12.0,210.0,604.0,46.0,34071300.0,652.0,1063.0,476.0,0.8382877526753865,0.013079667063020214,0.10820451843043995,0.014268727705112961,0.014268727705112961,0.2497027348394768,-0.8876923076923077,-0.8558282208588956,71578.36134453781,-0.03186408683341202
NACOGDOCHES,37158.0,30867.0,1066.0,788.0,24950.0,17161.0,11610.0,8329.0,13597.0,8965.0,27495.0,19136.0,50003.0,7690,17575,25486,9686.0,10965.0,17326.41065830721,8944.774294670846,1871165777.1892679,26676.084639498433,64653.0,25107.283351883194,0.6173029618222906,0.015759054456732598,0.17928924264544127,0.16657000579965203,0.19370837749735015,0.21928684278943264,-0.3878600015694892,-0.31420039623153473,74526.81164124909,-0.07365960533795446
NAVARRO,26996.0,22074.0,586.0,418.0,22992.0,15250.0,7248.0,5191.0,16049.0,10180.0,25628.0,17174.0,39248.0,4708,14983,19867,2711.0,6034.0,13800.0,5101.0,1467409700.0,19151.0,52624.0,18484.0,0.5624235629841011,0.010650224215246636,0.25937627395026497,0.13226151651039544,0.06907358336730535,0.15374031797798615,-0.517189308904213,-0.4542321549788523,79388.1032244103,-0.06295715392536072
NEWTON,9770.0,7883.0,52.0,42.0,2770.0,2043.0,2433.0,1820.0,364.0,233.0,3187.0,2368.0,10251.0,952,4781,5751,202.0,561.0,4882.0,1173.0,287261879.33194155,6094.0,12957.0,4896.045929018789,0.7689981465222905,0.004097161252560726,0.022729489805872596,0.17754365427763144,0.019705394595649205,0.05472636815920398,-0.6657972526517127,-0.6086314407614046,58672.219071586886,-0.057165811890308116
NOLAN,8138.0,6593.0,150.0,105.0,6120.0,4056.0,953.0,550.0,5354.0,3557.0,6600.0,4435.0,11028.0,1020,4048,5122,488.0,1368.0,4131.0,1162.0,428728700.0,5367.0,14738.0,5834.0,0.597841857091041,0.009521218715995648,0.3225426187885383,0.049873050417120056,0.04425099746100834,0.12404787812840043,-0.5911753221397892,-0.553195453698528,73487.94994857731,-0.03797986844126122
NUECES,108432.0,90803.0,11017.0,8139.0,234686.0,171289.0,17935.0,12792.0,220044.0,159910.0,250681.0,183862.0,274665.0,53248,67201,121678,17107.0,57888.0,64611.392259914,60921.688963210705,11527539803.027782,127541.95508838988,359113.0,130755.7192259595,0.3305954526423097,0.029632461362022827,0.5822001347095552,0.04657309813773142,0.06228314492199589,0.21075856042815794,-0.11467151005111859,-0.028929329914585633,88160.88406126996,-0.08574218013653295
OCHILTREE,4245.0,3284.0,58.0,35.0,5510.0,3516.0,66.0,29.0,5470.0,3490.0,5770.0,3707.0,6991.0,269,2723,3010,504.0,1206.0,2812.0,302.0,315725600.0,3159.0,10015.0,3758.0000000000005,0.4697468173365756,0.0050064368473751964,0.4992132742096982,0.004148190530682306,0.07209269060220283,0.17250750965527106,-0.815282392026578,-0.7945552389996834,84014.26290580095,-0.02072715302689465
OLDHAM,1325.0,982.0,31.0,17.0,372.0,208.0,77.0,31.0,313.0,186.0,433.0,247.0,1229.0,74,895,974,52.0,323.0,917.0,81.0,64312600.0,1011.0,1758.0,631.0,0.7990235964198535,0.013832384052074858,0.15134255492270138,0.025223759153783564,0.04231082180634662,0.2628152969894223,-0.8429158110882957,-0.8269040553907023,101921.71156893819,-0.01601175569759339
ORANGE,64935.0,50857.0,1451.0,1015.0,15988.0,10726.0,8941.0,6082.0,7265.0,4737.0,19873.0,13619.0,64476.0,5945,30191,36377,3306.0,10449.0,29186.0,6357.0,3028329700.0,35994.0,84808.0,31847.0,0.7887741175010857,0.015742291705440784,0.07346919784105714,0.09432967305664124,0.051274892983435696,0.1620603015075377,-0.666520053880199,-0.6342445963216091,95089.95195779823,-0.03227545755858985
PALO PINTO,20778.0,16849.0,345.0,257.0,6367.0,4182.0,857.0,543.0,5614.0,3684.0,7631.0,5189.0,22038.0,2143,11093,13336,777.0,3874.0,10177.36285195277,2177.5027247956405,915241614.9186257,12490.840599455041,28409.0,10948.57233273056,0.7645430619838461,0.011661675288138669,0.1671658045194664,0.02463925946093112,0.03525728287503403,0.17578727652237044,-0.6711157768446311,-0.6404581071594295,83594.60823787293,-0.03065766968520156
PANOLA,16098.0,12676.0,178.0,133.0,5633.0,3940.0,3509.0,2625.0,2190.0,1344.0,6393.0,4500.0,17176.0,1905,9500,11439,932.0,2951.0,9326.0,2057.0,751369400.0,11458.0,22491.0,8486.0,0.7380065207265952,0.007743362831858407,0.07824871914299023,0.15282952957615278,0.054261760596180715,0.17180950163018166,-0.6639566395663957,-0.6344039099319253,88542.23426820646,-0.02955272963447042
PARKER,117747.0,91458.0,1990.0,1266.0,22473.0,14106.0,2929.0,1736.0,19819.0,12475.0,30475.0,19976.0,111434.0,14872,75168,90840,7249.0,34801.0,62026.591941326304,13012.561573071518,6904496923.654597,76104.76696086551,148222.0,54229.768625315446,0.8207369384568444,0.011360984977654935,0.11194967424663926,0.01557872821580487,0.06505195900712529,0.31230145198054454,-0.6637604579480405,-0.644033643693551,127319.31370312821,-0.019726814254489522
PARMER,3187.0,2543.0,36.0,27.0,6575.0,4413.0,137.0,91.0,6504.0,4355.0,6682.0,4486.0,7029.0,368,2123,2504,228.0,1030.0,2135.0,488.0,278972700.0,2650.0,9869.0,3183.0,0.36178688291364347,0.0038412291933418692,0.6195760421112534,0.012946365059041115,0.03243704652155356,0.14653578033859724,-0.7008785942492013,-0.6215094339622642,87644.58058435438,-0.07936916028693708
PECOS,3473.0,2976.0,183.0,139.0,11376.0,8338.0,630.0,531.0,10845.0,7839.0,11720.0,8604.0,11580.0,1144,3042,4233,493.0,1453.0,3215.0,1382.0,455283400.0,4675.0,15193.0,5108.0,0.25699481865284973,0.012003454231433506,0.6769430051813472,0.045854922279792744,0.042573402417962,0.12547495682210708,-0.44838176234349164,-0.39208556149732626,89131.4408770556,-0.05629620084616538
POLK,34808.0,29099.0,490.0,363.0,12617.0,9459.0,5422.0,4280.0,7345.0,5248.0,15315.0,11565.0,40664.0,4910,19216,24292,1488.0,5097.0,18573.0,5387.0,1380115000.0,24186.0,50123.0,18575.0,0.7155961046626008,0.008926814873106433,0.12905764312413928,0.10525280346252214,0.0365925634467834,0.12534428487113908,-0.5889181623579779,-0.5451914330604481,74299.59623149394,-0.04372672929752974
POTTER,50153.0,41765.0,6757.0,4521.0,58528.0,39749.0,14438.0,9678.0,45193.0,30459.0,68372.0,46833.0,88598.0,8748,23007,32121,5461.0,13582.0,22820.0,9921.0,3081887900.0,33337.0,118525.0,42363.0,0.4713989029097722,0.05102823991512224,0.3437887988442177,0.10923497144405066,0.061637960224835774,0.1532991715388609,-0.4439151956663865,-0.38692743798182194,72749.51962797725,-0.056987757684564544
PRESIDIO,961.0,856.0,102.0,70.0,5032.0,3708.0,47.0,22.0,4991.0,3688.0,5170.0,3816.0,4672.0,1288,686,1992,296.0,812.0,721.0,1463.0,117254300.0,2219.0,6131.0,2340.0,0.1832191780821918,0.014982876712328766,0.7893835616438356,0.004708904109589041,0.06335616438356165,0.1738013698630137,0.3022088353413655,0.33438485804416407,50108.67521367521,-0.03217602270279857
RAINS,10130.0,8229.0,103.0,84.0,1446.0,936.0,360.0,242.0,1109.0,703.0,2034.0,1417.0,9646.0,869,5649,6556,335.0,2370.0,5155.0,842.0,466855400.0,6053.0,12164.0,4723.0,0.8530997304582211,0.008708272859216255,0.07287995023844081,0.02508811942774207,0.03472942152187435,0.2456976985278872,-0.7291031116534472,-0.7125392367421114,98847.21575269956,-0.01656387491133582
RANDALL,95457.0,76414.0,3550.0,2426.0,37395.0,24398.0,6592.0,4045.0,31583.0,20601.0,45296.0,30339.0,106753.0,12935,53314,66901,10314.0,31905.0,50796.0,12802.0,5837615500.0,64674.0,140753.0,55758.0,0.7158018978389367,0.022725356664449713,0.1929781832829054,0.037891206804492615,0.09661555178777177,0.29886747913407585,-0.6035634743875278,-0.5874694622259331,104695.56834893647,-0.016094012161594673
REAGAN,1281.0,1041.0,54.0,40.0,2833.0,1857.0,96.0,61.0,2765.0,1804.0,2933.0,1930.0,2971.0,141,800,949,155.0,331.0,942.0,172.0,88889300.0,1124.0,4214.0,1046.0,0.3503870750589027,0.013463480309660047,0.6072029619656681,0.020531807472231572,0.052170986199932684,0.11141029956243689,-0.6944151738672287,-0.6850533807829182,84980.2103250478,-0.00936179308431051
REAL,1940.0,1706.0,28.0,15.0,731.0,501.0,50.0,26.0,692.0,482.0,818.0,576.0,2282.0,315,1625,1960,91.0,371.0,1643.0,320.0,71235700.0,1982.0,2758.0,1021.0,0.747589833479404,0.006573181419807186,0.2112182296231376,0.011393514460999123,0.03987730061349693,0.16257668711656442,-0.6683673469387755,-0.6675075681130171,69770.51909892262,-0.0008597788257583838
RED RIVER,8939.0,7381.0,103.0,74.0,2823.0,2076.0,2075.0,1602.0,804.0,499.0,3330.0,2486.0,9867.0,1103,4682,5796,214.0,1383.0,4517.0,1246.0,314042200.0,5812.0,12269.0,4993.0,0.7480490523968785,0.007499746630181413,0.050572615790007096,0.1623593797506841,0.021688456471065168,0.1401641836424445,-0.6174948240165632,-0.5628011011699932,62896.49509313038,-0.054693722846570036
REEVES,1697.0,1438.0,205.0,160.0,12748.0,9938.0,332.0,261.0,12510.0,9739.0,13051.0,10181.0,11619.0,1070,2340,3446,548.0,630.0,2254.0,1395.0,291431500.0,3691.0,14748.0,4145.0,0.12376280230656683,0.013770548239951804,0.8381960581805663,0.022463206816421378,0.047164127721834925,0.054221533694810226,-0.3685432385374347,-0.23272825792468166,70309.16767189385,-0.13581498061275304
REFUGIO,7286.0,6089.0,164.0,86.0,9145.0,6732.0,1292.0,905.0,8105.0,5936.0,9513.0,7007.0,13096.0,919,2134,3075,163.0,655.0,2210.0,1108.0,160898400.0,3366.0,16799.0,2372.0,0.464951130116066,0.006566890653634697,0.45326817348808796,0.06910507025045816,0.01244654856444716,0.050015271838729385,-0.39512195121951216,-0.3273915626856803,67832.37774030353,-0.06773038853383184
ROBERTS,886.0,694.0,18.0,3.0,73.0,44.0,25.0,15.0,56.0,31.0,129.0,83.0,777.0,20,547,572,0.0,116.0,529.0,17.0,24502300.0,550.0,1015.0,303.0,0.8931788931788932,0.003861003861003861,0.039897039897039896,0.019305019305019305,0.0,0.1492921492921493,-0.9213286713286712,-0.9309090909090909,80865.67656765676,0.009580419580419663
ROBERTSON,9505.0,7677.0,145.0,107.0,6789.0,4683.0,3381.0,2404.0,3528.0,2309.0,7252.0,5045.0,12722.0,1926,6177,8172,591.0,2247.0,5646.0,2374.0,517775200.0,8110.0,16757.0,6480.0,0.6034428548970288,0.008410627259864802,0.18149662002829745,0.18896399937116806,0.04645495991196353,0.17662317245716083,-0.5201908957415566,-0.4034525277435266,79903.58024691358,-0.11673836799803006
ROCKWALL,453060.0,346563.0,29384.0,19894.0,197610.0,128291.0,64612.0,42262.0,136439.0,87466.0,248179.0,164142.0,510705.0,18092,43542,62513,5815.0,34800.0,36726.0,16412.0,6272767900.0,54029.0,701239.0,39513.0,0.6785972332364085,0.03895399496774067,0.17126521181503998,0.08275227381756592,0.011386221008214136,0.06814109906893412,-0.4071153200134372,-0.37598326824483147,158752.00313820768,-0.03113205176860573
RUNNELS,6062.0,4970.0,65.0,45.0,3560.0,2439.0,252.0,173.0,3354.0,2283.0,3838.0,2666.0,7636.0,452,3580,4056,276.0,1317.0,3807.0,552.0,299434100.0,4409.0,9900.0,3800.0,0.6508643268727082,0.005893137768465165,0.29897852278679937,0.022655840754321633,0.03614457831325301,0.17247249869041384,-0.7712031558185404,-0.7382626445906101,78798.44736842105,-0.03294051122793029
RUSK,32022.0,26062.0,349.0,246.0,18445.0,13306.0,9032.0,7019.0,9579.0,6360.0,20192.0,14656.0,40718.0,4337,17234,21741,1873.0,6803.0,16532.995620437956,4628.077372262774,1669564497.150259,21394.061313868613,52214.0,17959.005699481866,0.6400609067242988,0.006041554103836141,0.1561962768308856,0.1723807652635198,0.045999312343435336,0.1670759860503954,-0.5932109838553885,-0.5564590132523304,92965.30805146009,-0.036751970603058126
SABINE,8307.0,6911.0,82.0,64.0,1200.0,827.0,852.0,593.0,393.0,251.0,1587.0,1152.0,8063.0,590,4972,5581,175.0,1381.0,4784.0,669.0,379504800.0,5491.0,9894.0,4469.0,0.8571251395262309,0.007937492248542725,0.031129852412253505,0.0735458266154037,0.021704080367109017,0.17127619992558601,-0.7851639491130622,-0.7494081223820798,84919.40031326919,-0.03575582673098243
SAN AUGUSTINE,5270.0,4396.0,64.0,37.0,2487.0,1763.0,1897.0,1397.0,639.0,394.0,2648.0,1890.0,6286.0,809,2917,3747,202.0,685.0,3007.0,980.0,195884200.0,4002.0,7918.0,3017.0,0.6993318485523385,0.005886096086541521,0.06267896913776647,0.22223989818644607,0.032134902958956414,0.10897231944002546,-0.562583400053376,-0.506496751624188,64926.8147166059,-0.05608664842918809
SAN JACINTO,19170.0,15714.0,176.0,130.0,7143.0,4854.0,2412.0,1830.0,4822.0,3087.0,8232.0,5733.0,21447.0,2175,10524,12789,991.0,3163.0,10161.0,2337.0,854288600.0,12640.0,27402.0,10480.0,0.7326898866974402,0.006061453816384576,0.1439362148552245,0.08532661910756749,0.0462069287079778,0.14747983400941855,-0.6528266479005396,-0.6189873417721519,81516.08778625954,-0.0338393061283877
SAN PATRICIO,26613.0,21755.0,1278.0,874.0,39491.0,27651.0,1725.0,1108.0,38220.0,26738.0,42142.0,29622.0,51377.0,8025,17337,25579,3060.0,8211.0,16516.0,8988.0,2143432200.0,25891.0,68755.0,24496.0,0.42343850361056506,0.017011503201821827,0.5204274286159176,0.02156607042061623,0.05955972516884987,0.15981859586974717,-0.3640486336447868,-0.2907574060484338,87501.31450032658,-0.07329122759635298
SAN SABA,6579.0,5628.0,98.0,72.0,3188.0,2260.0,289.0,260.0,2934.0,2033.0,3479.0,2484.0,8112.0,276,2412,2711,148.0,892.0,2308.0,287.0,154667501.9520357,2602.0,10058.0,2092.9431121026214,0.6937869822485208,0.008875739644970414,0.2506163708086785,0.03205128205128205,0.01824457593688363,0.10996055226824458,-0.7879011434894873,-0.7767102229054573,73899.52505524766,-0.011190920584029929
SCHLEICHER,1102.0,932.0,28.0,16.0,1296.0,892.0,44.0,33.0,1275.0,873.0,1349.0,935.0,1867.0,192,906,1108,72.0,411.0,940.0,211.0,79912100.0,1159.0,2451.0,919.0,0.499196572040707,0.00856989823245849,0.4675950723085163,0.017675415104445636,0.0385645420460632,0.22013926084627744,-0.6444043321299638,-0.628990509059534,86955.49510337324,-0.015413823070429822
SCURRY,8637.0,7010.0,140.0,83.0,7853.0,5305.0,812.0,600.0,7139.0,4731.0,8295.0,5639.0,12649.0,734,4945,5731,773.0,1963.0,4983.0,818.0,505997300.0,5869.0,16932.0,5931.0,0.5541940074314176,0.006561783540200807,0.37402166179144597,0.04743457980868053,0.061111550320183415,0.1551901336073998,-0.7347757808410399,-0.7096609303118078,85313.99426740853,-0.025114850529232124
SHACKELFORD,3252.0,2542.0,39.0,23.0,516.0,312.0,60.0,20.0,473.0,300.0,636.0,399.0,2941.0,146,1565,1728,118.0,761.0,1484.0,130.0,106301845.58823529,1629.0,3888.0,1321.8621323529412,0.8643318599115947,0.007820469228153689,0.10200612036722204,0.006800408024481469,0.04012240734444067,0.2587555253315199,-0.8211805555555556,-0.8311847759361571,80418.25466247063,0.010004220380601558
SHELBY,38479.0,30819.0,1999.0,1281.0,31637.0,21548.0,14200.0,10347.0,17726.0,11279.0,34848.0,23806.0,54625.0,1741,8164,9948,889.0,2250.0,7975.0,2068.0,684905400.0,10087.0,73327.0,9177.0,0.5641922196796338,0.023450800915331808,0.20648054919908468,0.1894187643020595,0.016274599542334095,0.041189931350114416,-0.6456574185765983,-0.5856052344601963,74632.82118339327,-0.06005218411640201
SHERMAN,1362.0,1060.0,24.0,16.0,1354.0,864.0,60.0,36.0,1315.0,841.0,1420.0,914.0,1974.0,70,817,898,223.0,452.0,884.1114754098361,90.68524590163935,124271323.56923077,989.7377049180327,2782.0,840.56,0.5369807497467072,0.008105369807497468,0.4260385005065856,0.0182370820668693,0.11296859169199595,0.22897669706180346,-0.8318485523385302,-0.8016530294497632,147843.4895417707,-0.030195522888766924
SMITH,134452.0,109026.0,5402.0,3848.0,87936.0,60116.0,41819.0,30424.0,47281.0,30191.0,99027.0,68432.0,177458.0,28041,74862,104186,14730.0,45676.0,68993.0,29555.0,7854296100.0,99925.0,233479.0,81690.0,0.6143763594766085,0.021684004102379154,0.17013039705169675,0.17144338378658613,0.08300555624429443,0.25739048112792884,-0.4493981916956213,-0.39467600700525396,96147.58354755784,-0.054722184690367326
SOMERVELL,7011.0,5543.0,93.0,59.0,1773.0,1114.0,115.0,60.0,1687.0,1066.0,2194.0,1425.0,6968.0,751,4493,5309,418.0,1717.0,4087.7551569506722,764.9838565022421,360048900.0,4936.483408071749,9205.0,3562.0,0.7954936854190585,0.00846727898966705,0.15298507462686567,0.008610792192881744,0.059988518943742825,0.2464121699196326,-0.7048408363156903,-0.6731049262751083,101080.54463784391,-0.03173591004058196
STARR,1171.0,846.0,152.0,104.0,64454.0,45085.0,162.0,118.0,64393.0,45030.0,64749.0,45264.0,46110.0,6862,9487,16421,4047.0,5525.0,8259.0,9148.0,1086096200.0,17583.0,65920.0,18692.0,0.018347430058555627,0.002255476035567122,0.9765777488614183,0.002559097809585773,0.08776837996096291,0.11982216438950336,-0.15985628159064613,0.050560200193368654,58104.868392895354,-0.21041648178401479
STEPHENS,6256.0,5164.0,89.0,52.0,2503.0,1694.0,327.0,249.0,2204.0,1459.0,2845.0,1963.0,7127.0,384,3368,3766,205.0,1205.0,3385.0,397.0,262243500.0,3805.0,9101.0,3560.0,0.7245685421636032,0.007296197558580048,0.2047144661147748,0.03493756138627754,0.028763855759786728,0.16907534727094148,-0.7923526287838555,-0.7852825229960578,73663.90449438202,-0.007070105787797654
STERLING,1575.0,1225.0,69.0,22.0,1118.0,764.0,45.0,17.0,1086.0,748.0,1196.0,813.0,2038.0,43,583,629,13.0,194.0,584.0,51.0,45399800.0,639.0,2771.0,402.0,0.6010794896957802,0.010794896957801767,0.36702649656526004,0.008341511285574092,0.006378802747791953,0.09519136408243375,-0.8585055643879173,-0.8341158059467918,112934.82587064676,-0.024389758441125453
STONEWALL,958.0,812.0,9.0,9.0,256.0,165.0,41.0,30.0,226.0,141.0,287.0,191.0,1003.0,108,603,713,43.0,117.0,615.0,116.0,53943100.0,736.0,1245.0,476.0,0.8095712861415753,0.00897308075772682,0.14057826520438685,0.02991026919242273,0.04287138584247258,0.11665004985044865,-0.6942496493688639,-0.6779891304347826,113325.84033613445,-0.016260518934081314
SUTTON,1200.0,1015.0,24.0,13.0,2111.0,1503.0,32.0,15.0,2093.0,1495.0,2172.0,1540.0,2555.0,228,1167,1401,57.0,340.0,1222.0,322.0,98208800.0,1559.0,3372.0,1236.0,0.3972602739726027,0.005088062622309198,0.5851272015655578,0.005870841487279843,0.022309197651663407,0.13307240704500978,-0.6702355460385439,-0.5772931366260423,79456.95792880259,-0.09294240941250154
SWISHER,3219.0,2636.0,44.0,27.0,3597.0,2504.0,524.0,371.0,3147.0,2153.0,3752.0,2633.0,5269.0,403,1840,2268,325.0,1002.0,1845.0,478.0,147712400.0,2356.0,6971.0,2453.0,0.5002846840007592,0.005124312013664832,0.4086164357563105,0.07041184285443158,0.06168153349781742,0.1901689125071171,-0.6335978835978835,-0.5802207130730052,60217.040358744394,-0.05337717052487834
TARRANT,904870.0,738285.0,152022.0,111299.0,1007443.0,687258.0,404364.0,281368.0,620878.0,414154.0,1205667.0,835680.0,1573965.0,384501,426625,823311,136200.0,501436.0,408548.86193716625,410407.6231280692,85743138653.41492,832316.9890018614,2110537.0,765321.157523644,0.4690606207888994,0.07071249996029137,0.2631278332110307,0.17876382257547022,0.08653305505522677,0.31858141699465997,-0.051164140889651655,0.0022332371145421526,112035.50014330546,-0.05339737800419381
TAYLOR,87316.0,70531.0,4299.0,3075.0,47874.0,31869.0,14655.0,9512.0,34756.0,22891.0,55892.0,38034.0,108565.0,13624,41198,55417,12163.0,27896.0,39545.48410757946,14587.278728606358,4740740838.52349,55230.726161369195,143208.0,54385.919463087244,0.649666098650578,0.02832404550269424,0.21085064247225166,0.08761571408833418,0.11203426518675448,0.25695205637175883,-0.4975729469296425,-0.45188986482002785,87168.53342419118,-0.04568308210961464
TERRELL,638.0,564.0,19.0,7.0,657.0,474.0,39.0,18.0,632.0,458.0,690.0,500.0,1064.0,92,301,400,0.0,227.0,334.0,119.0,28874500.0,458.0,1328.0,453.0,0.5300751879699248,0.006578947368421052,0.43045112781954886,0.016917293233082706,0.0,0.21334586466165414,-0.5225,-0.4694323144104804,63740.61810154525,-0.053067685589519575
TERRY,4599.0,3598.0,78.0,57.0,7009.0,4818.0,540.0,394.0,6569.0,4454.0,7232.0,4984.0,8582.0,587,2815,3426,185.0,819.0,2812.0,757.0,282769300.0,3612.0,11831.0,4271.0,0.4192495921696574,0.006641808436261944,0.5189932416686087,0.04591004427872291,0.02155674667909578,0.09543230016313213,-0.6503210741389375,-0.5689368770764119,66206.8133926481,-0.08138419706252553
THROCKMORTON,1248.0,1003.0,8.0,5.0,156.0,96.0,17.0,4.0,145.0,92.0,192.0,125.0,1128.0,73,823,900,91.0,284.0,806.0,82.0,50249100.0,894.0,1440.0,686.0,0.8891843971631206,0.004432624113475178,0.08156028368794327,0.0035460992907801418,0.08067375886524823,0.25177304964539005,-0.8333333333333333,-0.8098434004474273,73249.416909621,-0.02348993288590595
TITUS,13410.0,10954.0,329.0,214.0,16829.0,10932.0,3347.0,2386.0,13680.0,8621.0,17837.0,11701.0,22655.0,2275,7861,10229,1053.0,3216.0,7570.0,2856.0,837117800.0,10541.0,31247.0,11011.0,0.48351357316265725,0.009446038402118738,0.380534098433017,0.10531891414698742,0.046479805782387994,0.14195541822997132,-0.5460944373839085,-0.44720614742434306,76025.59258922895,-0.09888828995956545
TOM GREEN,62390.0,51049.0,2752.0,1959.0,52091.0,36430.0,6070.0,4174.0,47066.0,32675.0,57613.0,40706.0,91755.0,11585,33399,45460,8448.0,20886.0,32313.0,12239.0,4040877300.0,45210.0,120003.0,46094.0,0.5563620511143806,0.021350335131600458,0.35611138357582695,0.04549070895319056,0.09207127676965833,0.22762792218407715,-0.479850417949846,-0.4440168104401681,87666.01509957912,-0.0358336075096779
TRAVIS,612821.0,516524.0,122445.0,93487.0,530265.0,385732.0,120358.0,90298.0,421088.0,301743.0,677335.0,499948.0,1016472.0,398968,170781,583956,95527.0,531362.0,159677.51905793385,430669.41282068426,76116491910.55754,603336.1885453301,1290156.0,551882.1917495392,0.508153692379131,0.09197203661291212,0.29685323353717563,0.08883471458141494,0.09397897826993759,0.5227512415492016,0.39076060525108053,0.44915570938339316,137921.63082714853,-0.058395104132312636
TRINITY,10533.0,8816.0,100.0,68.0,2561.0,1744.0,1269.0,923.0,1314.0,830.0,3069.0,2166.0,10982.0,1192,6121,7356,397.0,1653.0,5579.0,1323.0,441611900.0,6938.0,13602.0,6033.0,0.8027681660899654,0.006191950464396285,0.07557821890366054,0.0840466217446731,0.036150063740666545,0.15051903114186851,-0.6700652528548124,-0.6134332660709139,73199.38670644787,-0.05663198678389858
TYLER,15302.0,12430.0,146.0,111.0,3771.0,2966.0,2282.0,1812.0,1520.0,1172.0,4496.0,3545.0,15975.0,1252,8327,9638,466.0,1844.0,8194.0,1403.0,649016100.0,9673.0,19798.0,7073.0,0.7780907668231611,0.006948356807511737,0.07336463223787168,0.11342723004694835,0.02917057902973396,0.1154303599374022,-0.7340734592239054,-0.7020572728212551,91759.66350911919,-0.03201618640265036
UPSHUR,31287.0,24390.0,319.0,209.0,7462.0,4871.0,3592.0,2557.0,3986.0,2354.0,9605.0,6464.0,30854.0,2820,16939,19887,1356.0,5228.0,15809.0,2877.0,1304697000.0,18892.0,40892.0,15372.0,0.7904971802683607,0.006773838076100344,0.07629480780449861,0.08287418162961042,0.04394892072340701,0.16944318402800285,-0.7099612812390004,-0.6845225492271861,84874.90241998438,-0.025438732011814236
UPTON,1318.0,1062.0,32.0,22.0,1886.0,1297.0,120.0,90.0,1797.0,1222.0,1990.0,1376.0,2438.0,146,1149,1303,168.0,244.0,1170.0,169.0,95110700.0,1359.0,3308.0,1325.0,0.43560295324036097,0.009023789991796555,0.5012305168170632,0.03691550451189499,0.06890894175553733,0.10008203445447088,-0.7697620874904068,-0.7365710080941869,71781.6603773585,-0.0331910793962199
UVALDE,6613.0,5564.0,206.0,147.0,17462.0,12531.0,268.0,169.0,17317.0,12415.0,17951.0,12916.0,18480.0,3218,6482,9772,1789.0,3480.0,6174.0,4073.0,623945200.0,10344.0,24564.0,8422.0,0.30108225108225106,0.007954545454545454,0.6718073593073594,0.009145021645021645,0.09680735930735931,0.18831168831168832,-0.33401555464592714,-0.20311291569992262,74085.15791973403,-0.1309026389460045
VAL VERDE,7912.0,6762.0,586.0,431.0,40299.0,28562.0,980.0,654.0,39635.0,28054.0,41210.0,29261.0,36023.0,5282,9162,14612,1905.0,6858.0,8284.0,6770.0,1265285500.0,15271.0,49122.0,16706.0,0.18771340532437608,0.011964578186158844,0.7787802237459401,0.018155067595702745,0.05288288038197818,0.19037836937512145,-0.26553517656720504,-0.09914216488769567,75738.38740572249,-0.16639301167950937
VAN ZANDT,215477.0,171700.0,2144.0,1428.0,40680.0,26217.0,8898.0,5946.0,32174.0,20421.0,52216.0,34989.0,206689.0,3450,24351,27950,2402.0,8043.0,22270.0,3516.0,2048459100.0,25994.0,267693.0,22555.0,0.8307166806167721,0.006908930809089986,0.09880061348209145,0.02876785895717721,0.01162132479232083,0.03891353676296271,-0.7477996422182468,-0.7214741863506964,90820.62070494347,-0.026325455867550418
VICTORIA,39330.0,32364.0,1758.0,1291.0,48751.0,33955.0,6843.0,4655.0,42931.0,29639.0,51989.0,36439.0,68803.0,9998,25010,35305,3921.0,12547.0,23358.0,10380.0,3009570900.0,34226.0,91319.0,34142.0,0.4703864657064372,0.01876371669839978,0.43078063456535326,0.06765693356394344,0.056988794093280816,0.18236123424850662,-0.4252088939243734,-0.37918541459708993,88148.64097006619,-0.046023479327283456
WALKER,45495.0,39672.0,1576.0,1318.0,39723.0,32802.0,20801.0,17287.0,19356.0,15798.0,43174.0,35697.0,75369.0,7461,17515,25175,11814.0,12392.0,15375.0,7884.0,1734730900.0,23658.0,88669.0,25180.0,0.5263702583290212,0.017487295837811303,0.2096087250726426,0.2293648582308376,0.15674879592405366,0.1644177314280407,-0.399364448857994,-0.3166370783667258,68893.20492454329,-0.08272737049126822
WALLER,23494.0,18720.0,1063.0,707.0,30985.0,22737.0,12827.0,10764.0,18486.0,12106.0,33300.0,24479.0,43199.0,10183,17077,27561,7821.0,10334.0,13749.0,7963.0,1903606100.0,21986.0,56794.0,17981.0,0.43334336442973215,0.01636611958610153,0.2802379684714924,0.249172434547096,0.18104585754299868,0.23921850042825066,-0.25013606182649395,-0.2631674702083144,105867.64362382515,0.01303140838182043
WARD,8745.0,6927.0,215.0,124.0,13742.0,9529.0,1264.0,801.0,12746.0,8833.0,14323.0,9915.0,16842.0,627,3115,3765,288.0,784.0,3241.0,764.0,431709800.0,4045.0,23068.0,4345.0,0.4112931955824724,0.0073625460159125996,0.5244626528915806,0.04755967224795155,0.017100106875667972,0.046550290939318374,-0.6608233731739708,-0.6123609394313968,99357.83659378596,-0.048462433742573974
WASHINGTON,22023.0,18519.0,694.0,522.0,12288.0,8610.0,6044.0,4556.0,6425.0,4123.0,13782.0,9742.0,28261.0,4058,14020,18265,2218.0,8133.0,12959.0,4261.0,1557011300.0,17449.0,35805.0,15277.0,0.6552846679169173,0.018470683981458548,0.1458900958918651,0.16121156363893704,0.07848271469516295,0.28778174869962136,-0.5454147276211334,-0.4984812883259786,101918.65549518884,-0.04693343929515481
WEBB,9994.0,7501.0,1838.0,1366.0,272212.0,188059.0,1734.0,1234.0,271286.0,187298.0,274685.0,189835.0,197336.0,31996,33397,65995,15904.0,34259.0,25904.0,41842.0,6421951400.0,68534.0,284679.0,79572.0,0.03801131065796408,0.006922203754003324,0.94913244415616,0.006253293874407102,0.08059350549316902,0.17360745125065877,-0.021228880975831477,0.2325561035398488,80706.17051224048,-0.25378498451568027
WHARTON,18130.0,15012.0,264.0,188.0,22632.0,15692.0,6038.0,4375.0,16967.0,11444.0,23440.0,16302.0,31314.0,3910,12439,16471,1706.0,5517.0,11926.0,4694.0,1373413200.0,16776.0,41570.0,15422.0,0.47940218432649934,0.006003704413361436,0.3654595388644057,0.13971386600242702,0.054480424091460686,0.1761831768538034,-0.5178191973772084,-0.43109203624225084,89055.45324860589,-0.08672716113495754
WHEELER,3469.0,2834.0,53.0,32.0,1345.0,805.0,137.0,77.0,1227.0,738.0,1521.0,939.0,3773.0,169,2093,2274,101.0,660.0,2159.0,168.0,143240500.0,2337.0,4990.0,1849.0,0.7511264245958124,0.008481314603763583,0.19560031804929764,0.02040816326530612,0.02676914921812881,0.1749271137026239,-0.8460861917326298,-0.8519469405220368,77469.17252568956,0.005860748789407011
WICHITA,79694.0,65394.0,3968.0,2905.0,41265.0,28810.0,16588.0,11814.0,25803.0,17506.0,49656.0,35298.0,100692.0,12237,31818,44530,8233.0,21843.0,32004.34697986577,13135.168456375839,4109835796.590909,45948.46845637584,129350.0,48927.72727272727,0.6494458348230246,0.028850355539665515,0.17385691018154373,0.11732808961983077,0.08176419179279387,0.2169288523417948,-0.43972602739726024,-0.4106595748975749,83998.09322191359,-0.02906645249968537
WILBARGER,9016.0,7529.0,803.0,536.0,6054.0,4110.0,1484.0,1053.0,4678.0,3079.0,7292.0,4949.0,12478.0,860,3566,4467,607.0,1509.0,3524.0,956.0,327831200.0,4524.0,16308.0,4737.0,0.6033819522359353,0.042955601859272316,0.2467542875460811,0.08438852380189132,0.048645616284661006,0.12093284180157077,-0.605775688381464,-0.5676392572944298,69206.5020054887,-0.03813643108703424
WILLACY,2853.0,2492.0,385.0,360.0,29171.0,22125.0,1023.0,920.0,28277.0,21257.0,29680.0,22603.0,25095.0,2673,2856,5563,883.0,1663.0,2441.0,3108.0,361248700.0,5590.0,32533.0,5671.0,0.099302649930265,0.01434548714883443,0.8470611675632597,0.036660689380354654,0.03518629209005778,0.06626818091253238,-0.03289591946791298,0.11932021466905185,63701.05801445953,-0.15221613413696483
WILLIAMSON,336410.0,267332.0,64796.0,43472.0,193110.0,130620.0,51215.0,34588.0,147088.0,98419.0,272607.0,185713.0,453045.0,147766,155310,309515,35161.0,212920.0,139677.94739983254,143739.05339621348,32566471860.08714,290095.56306831597,609017.0,241745.881305682,0.5900782482976304,0.09595514794336103,0.2172389056274763,0.07634561688132525,0.07761039190367403,0.46997538875829115,-0.024373616787554675,0.01399920065452559,134713.65751587553,-0.038372817442080265
WILSON,27877.0,22203.0,545.0,357.0,20140.0,14270.0,1101.0,826.0,19232.0,13543.0,21876.0,15568.0,37771.0,6247,20894,27320,2308.0,9690.0,18463.0,6350.0,2066961700.0,25032.0,49753.0,17785.0,0.5878319345529639,0.009451695745413147,0.35855550554658333,0.021868629371740222,0.06110508061740489,0.2565460273754997,-0.5361273792093705,-0.4839006072227549,116219.38150126512,-0.05222677198661557
WINKLER,2702.0,2151.0,114.0,81.0,4883.0,3308.0,210.0,138.0,4732.0,3192.0,5089.0,3451.0,5602.0,283,1646,1933,199.0,487.0,1753.0,358.0,264131200.0,2126.0,7791.0,2781.0,0.38397001071046055,0.014459121742234916,0.5697965012495537,0.024634059264548376,0.03552302749018208,0.08693323812923956,-0.7051215726849457,-0.6561618062088429,94977.05861201006,-0.048959766476102784
WISE,50495.0,39787.0,644.0,423.0,14767.0,9482.0,1261.0,768.0,13694.0,8787.0,18137.0,12049.0,51836.0,5605,32385,38243,2778.0,10619.0,27026.015915119366,4971.748010610079,2713613467.7250977,32357.67904509284,68632.0,24577.652892561986,0.7675553669264604,0.008160351879003009,0.16951539470638166,0.014815958021452273,0.05359209815572189,0.2048576279033876,-0.7002588709044792,-0.681577559186956,110409.78890813155,-0.018681311717523297
WOOD,35906.0,30105.0,367.0,272.0,6908.0,4829.0,2121.0,1603.0,4894.0,3278.0,8937.0,6446.0,36551.0,3618,20621,24386,1909.0,7642.0,19049.0,3509.0,1562135700.0,22779.0,44843.0,18221.0,0.8236436759596181,0.007441656863013324,0.08968290881234439,0.043856529233126315,0.05222839320401631,0.20907772701157287,-0.697244320511769,-0.6822072961938628,85732.70951100379,-0.015037024317906211
YOAKUM,2488.0,1977.0,72.0,38.0,5057.0,3382.0,110.0,56.0,4968.0,3330.0,5206.0,3496.0,5473.0,342,2039,2397,354.0,639.0,2174.0,420.0,264792400.0,2636.0,7694.0,2616.0,0.3612278457884159,0.00694317558925635,0.608441439795359,0.010232048236798831,0.06468116206833546,0.11675497898775808,-0.7079682937004589,-0.665402124430956,101220.3363914373,-0.04256616926950285
YOUNG,13409.0,10760.0,132.0,87.0,3790.0,2373.0,324.0,191.0,3508.0,2193.0,4458.0,2888.0,13648.0,962,7298,8314,349.0,2985.0,7110.0,1034.0,662989600.0,8239.0,17867.0,7763.0,0.7883939038686987,0.006374560375146542,0.16068288393903868,0.0139947245017585,0.025571512309495895,0.21871336459554513,-0.7620880442626894,-0.7374681393372982,85403.78719567177,-0.024619904925391234
ZAPATA,1268.0,1097.0,72.0,45.0,22604.0,15569.0,77.0,57.0,22570.0,15545.0,22729.0,15649.0,16746.0,1877,2970,4871,562.0,1205.0,2033.0,1826.0,257693100.0,3878.0,23997.0,4612.0,0.06550818105816314,0.0026872088857040487,0.9282813806282098,0.003403797921891795,0.033560253194792784,0.07195748238385286,-0.22438924245534803,-0.053378029912325875,55874.47961838682,-0.17101121254302215
ZAVALA,1002.0,782.0,69.0,60.0,13281.0,9424.0,190.0,95.0,13172.0,9365.0,13397.0,9503.0,10285.0,1984,1480,3490,449.0,630.0,1490.0,2864.0,189263000.0,4382.0,14399.0,3411.0,0.07603305785123966,0.00583373845405931,0.9105493437044239,0.009236752552260573,0.0436558094312105,0.06125425376762275,0.1444126074498568,0.313555454130534,55486.07446496629,-0.1691428466806772
