GISJOIN,YEAR,STUSAB,REGIONA,DIVISIONA,STATE,STATEA,COUNTY,COUNTYA,COUSUBA,PLACEA,TRACTA,BLKGRPA,CONCITA,AIANHHA,RES_ONLYA,TRUSTA,AIHHTLI,AITSA,ANRCA,CBSAA,CSAA,METDIVA,CNECTA,NECTADIV,UAA,CDCURRA,SLDUA,SLDLA,ZCTA5A,SUBMCDA,SDELMA,SDSECA,SDUNIA,PCI,PUMAA,GEO_ID,NAME,BTTRA,BTBGA,TL_GEO_ID,ASP3E001,ASP3E002,ASP3E003,ASP3E004,ASP3E005,ASP3E006,ASP3E007,ASP3E008,ASP3E009,ASP3E010,ASP3E011,ASP3E012,ASP3E013,ASP3E014,ASP3E015,ASP3E016,ASP3E017,ASP3E018,ASP3E019,ASP3E020,ASP3E021,ASP3E022,ASP3E023,ASP3E024,ASP3E025,ASQQE001
"G4800010","2019-2023","TX",,,"Texas","48","Anderson County","001",,,,,,,,,,,,,,,".",".",,,,,,,,,,,,"0500000US48001","Anderson County, Texas",,,"48001",41749,514,0,13,43,57,59,69,188,231,241,575,1108,980,1329,444,10637,5247,3443,6457,4045,4344,1292,230,203,1327161600
"G4800030","2019-2023","TX",,,"Texas","48","Andrews County","003",,,,,,,,,,,,,,,".",".",,,,,,,,,,,,"0500000US48003","Andrews County, Texas",,,"48003",11099,674,0,44,20,0,19,20,1,339,60,122,379,222,253,414,2993,584,885,1106,750,1749,297,72,96,694777700
"G4800050","2019-2023","TX",,,"Texas","48","Angelina County","005",,,,,,,,,,,,,,,".",".",,,,,,,,,,,,"0500000US48005","Angelina County, Texas",,,"48005",56893,1528,19,0,0,22,64,138,165,528,453,793,1075,941,1598,1279,15613,3770,4578,8992,5089,6400,3142,447,259,2432078100
"G4800070","2019-2023","TX",,,"Texas","48","Aransas County","007",,,,,,,,,,,,,,,".",".",,,,,,,,,,,,"0500000US48007","Aransas County, Texas",,,"48007",19209,165,36,0,0,0,24,0,0,43,62,315,331,150,310,207,4706,1446,1858,2821,1428,3812,1145,256,94,1024633100
"G4800090","2019-2023","TX",,,"Texas","48","Archer County","009",,,,,,,,,,,,,,,".",".",,,,,,,,,,,,"0500000US48009","Archer County, Texas",,,"48009",6121,31,0,0,20,4,11,0,5,8,7,49,69,129,82,136,1971,283,382,859,534,1084,306,76,75,338540500
"G4800110","2019-2023","TX",,,"Texas","48","Armstrong County","011",,,,,,,,,,,,,,,".",".",,,,,,,,,,,,"0500000US48011","Armstrong County, Texas",,,"48011",1289,3,0,0,0,0,0,0,6,9,3,27,0,0,26,3,416,27,82,238,173,164,84,19,9,62643300
"G4800130","2019-2023","TX",,,"Texas","48","Atascosa County","013",,,,,,,,,,,,,,,".",".",,,,,,,,,,,,"0500000US48013","Atascosa County, Texas",,,"48013",32188,862,6,0,0,12,169,129,132,435,536,356,1161,787,911,659,10816,1629,2544,4288,1842,3816,774,293,31,1389578300
"G4800150","2019-2023","TX",,,"Texas","48","Austin County","015",,,,,,,,,,,,,,,".",".",,,,,,,,,,,,"0500000US48015","Austin County, Texas",,,"48015",21285,280,17,0,0,0,61,4,8,480,62,258,550,148,352,237,5946,1334,1685,3223,1655,3663,1043,147,132,1169407800
"G4800170","2019-2023","TX",,,"Texas","48","Bailey County","017",,,,,,,,,,,,,,,".",".",,,,,,,,,,,,"0500000US48017","Bailey County, Texas",,,"48017",4110,291,0,0,0,0,0,22,73,41,38,47,265,8,277,91,987,190,102,808,182,501,101,83,3,179201200
"G4800190","2019-2023","TX",,,"Texas","48","Bandera County","019",,,,,,,,,,,,,,,".",".",,,,,,,,,,,,"0500000US48019","Bandera County, Texas",,,"48019",16701,136,0,0,0,20,27,0,6,93,15,71,307,193,193,290,4171,877,1558,2697,1791,2681,1187,228,160,821016000
"G4800210","2019-2023","TX",,,"Texas","48","Bastrop County","021",,,,,,,,,,,,,,,".",".",,,,,,,,,,,,"0500000US48021","Bastrop County, Texas",,,"48021",66882,3090,27,0,87,107,520,118,430,1157,298,768,1735,1022,1649,1123,16269,3661,5024,9941,4242,9929,4012,711,962,3459323600
"G4800230","2019-2023","TX",,,"Texas","48","Baylor County","023",,,,,,,,,,,,,,,".",".",,,,,,,,,,,,"0500000US48023","Baylor County, Texas",,,"48023",2485,99,0,0,0,0,0,0,31,7,16,35,47,59,76,65,646,119,126,266,188,556,81,35,33,95441200
"G4800250","2019-2023","TX",,,"Texas","48","Bee County","025",,,,,,,,,,,,,,,".",".",,,,,,,,,,,,"0500000US48025","Bee County, Texas",,,"48025",21495,258,6,0,10,21,85,28,104,236,312,494,689,612,661,446,5322,2615,1608,3622,1905,1679,637,69,76,615591900
"G4800270","2019-2023","TX",,,"Texas","48","Bell County","027",,,,,,,,,,,,,,,".",".",,,,,,,,,,,,"0500000US48027","Bell County, Texas",,,"48027",233858,3528,23,18,102,388,370,253,377,999,352,1472,2830,3233,3110,3972,50216,10822,19221,44553,24461,42123,15972,3551,1912,12176050300
"G4800290","2019-2023","TX",,,"Texas","48","Bexar County","029",,,,,,,,,,,,,,,".",".",,,,,,,,,,,,"0500000US48029","Bexar County, Texas",,,"48029",1324701,29673,674,482,1026,1923,3819,2829,4509,19788,5406,14709,24735,19545,23838,26846,261990,62053,93789,194454,114807,257932,114486,27425,17963,70792182500
"G4800310","2019-2023","TX",,,"Texas","48","Blanco County","031",,,,,,,,,,,,,,,".",".",,,,,,,,,,,,"0500000US48031","Blanco County, Texas",,,"48031",9252,85,0,0,14,0,4,0,51,97,0,116,90,63,90,85,1947,439,877,1263,854,2459,461,164,93,552302100
"G4800330","2019-2023","TX",,,"Texas","48","Borden County","033",,,,,,,,,,,,,,,".",".",,,,,,,,,,,,"0500000US48033","Borden County, Texas",,,"48033",447,10,0,0,0,0,0,6,0,0,0,2,2,0,4,0,118,20,27,66,34,113,41,4,0,25739200
"G4800350","2019-2023","TX",,,"Texas","48","Bosque County","035",,,,,,,,,,,,,,,".",".",,,,,,,,,,,,"0500000US48035","Bosque County, Texas",,,"48035",13436,137,0,0,0,67,20,12,18,139,43,149,183,218,213,388,3592,555,1353,2289,1275,1851,673,135,126,660089300
"G4800370","2019-2023","TX",,,"Texas","48","Bowie County","037",,,,,,,,,,,,,,,".",".",,,,,,,,,,,,"0500000US48037","Bowie County, Texas",,,"48037",62393,569,33,4,0,0,21,19,104,309,197,859,967,846,1312,991,18043,4424,4186,10808,4930,8478,4001,890,402,2833318000
"G4800390","2019-2023","TX",,,"Texas","48","Brazoria County","039",,,,,,,,,,,,,,,".",".",,,,,,,,,,,,"0500000US48039","Brazoria County, Texas",,,"48039",251292,5391,30,154,77,165,611,245,1281,1939,1030,1450,2860,3936,3803,4215,49173,13167,17032,41039,23051,50517,21801,3943,4382,15746589800
"G4800410","2019-2023","TX",,,"Texas","48","Brazos County","041",,,,,,,,,,,,,,,".",".",,,,,,,,,,,,"0500000US48041","Brazos County, Texas",,,"48041",126367,2795,52,0,233,164,164,161,265,1631,333,910,1519,1538,1835,2294,21374,5723,7503,15547,8573,29828,14172,2344,7409,7805643400
"G4800430","2019-2023","TX",,,"Texas","48","Brewster County","043",,,,,,,,,,,,,,,".",".",,,,,,,,,,,,"0500000US48043","Brewster County, Texas",,,"48043",7168,180,0,0,0,18,29,23,8,6,0,5,111,84,149,106,992,223,660,990,339,1916,1060,145,124,355041400
"G4800450","2019-2023","TX",,,"Texas","48","Briscoe County","045",,,,,,,,,,,,,,,".",".",,,,,,,,,,,,"0500000US48045","Briscoe County, Texas",,,"48045",962,18,0,0,0,0,7,0,13,37,0,35,43,11,16,8,207,70,79,135,100,137,41,5,0,38327400
"G4800470","2019-2023","TX",,,"Texas","48","Brooks County","047",,,,,,,,,,,,,,,".",".",,,,,,,,,,,,"0500000US48047","Brooks County, Texas",,,"48047",5159,115,0,0,0,67,89,45,0,102,55,104,238,542,184,143,1349,280,556,518,27,630,112,0,3,152944900
"G4800490","2019-2023","TX",,,"Texas","48","Brown County","049",,,,,,,,,,,,,,,".",".",,,,,,,,,,,,"0500000US48049","Brown County, Texas",,,"48049",26679,289,0,0,0,3,100,37,164,263,94,177,625,287,495,736,7375,2103,1909,4871,1832,3809,1189,99,222,1166041000
"G4800510","2019-2023","TX",,,"Texas","48","Burleson County","051",,,,,,,,,,,,,,,".",".",,,,,,,,,,,,"0500000US48051","Burleson County, Texas",,,"48051",13141,233,0,0,4,8,54,43,12,138,7,205,422,310,270,250,4087,414,788,2087,773,2127,659,177,73,740042700
"G4800530","2019-2023","TX",,,"Texas","48","Burnet County","053",,,,,,,,,,,,,,,".",".",,,,,,,,,,,,"0500000US48053","Burnet County, Texas",,,"48053",36825,749,0,0,0,92,39,143,38,651,50,423,663,281,361,487,9254,1892,2782,5776,2577,7161,2356,652,398,2133040100
"G4800550","2019-2023","TX",,,"Texas","48","Caldwell County","055",,,,,,,,,,,,,,,".",".",,,,,,,,,,,,"0500000US48055","Caldwell County, Texas",,,"48055",31524,827,0,11,5,11,176,43,219,712,150,320,1228,777,979,746,10129,1990,2431,4193,1399,3772,1116,159,131,1372746500
"G4800570","2019-2023","TX",,,"Texas","48","Calhoun County","057",,,,,,,,,,,,,,,".",".",,,,,,,,,,,,"0500000US48057","Calhoun County, Texas",,,"48057",13932,341,0,0,0,155,22,57,89,81,80,454,277,334,157,395,3623,770,1303,1822,1618,1490,642,47,175,755690800
"G4800590","2019-2023","TX",,,"Texas","48","Callahan County","059",,,,,,,,,,,,,,,".",".",,,,,,,,,,,,"0500000US48059","Callahan County, Texas",,,"48059",9804,77,0,0,0,0,0,18,3,11,9,49,132,144,131,105,2811,773,980,1421,799,1711,571,28,31,429307000
"G4800610","2019-2023","TX",,,"Texas","48","Cameron County","061",,,,,,,,,,,,,,,".",".",,,,,,,,,,,,"0500000US48061","Cameron County, Texas",,,"48061",254070,12306,34,230,526,1637,2474,1707,2572,11369,2740,4986,12467,5268,6311,7422,54013,12206,13617,30884,19069,35367,12773,2752,1340,9485082300
"G4800630","2019-2023","TX",,,"Texas","48","Camp County","063",,,,,,,,,,,,,,,".",".",,,,,,,,,,,,"0500000US48063","Camp County, Texas",,,"48063",8393,117,0,0,0,0,3,24,30,363,0,166,98,95,156,281,2455,511,698,1172,571,1213,291,96,53,362146500
"G4800650","2019-2023","TX",,,"Texas","48","Carson County","065",,,,,,,,,,,,,,,".",".",,,,,,,,,,,,"0500000US48065","Carson County, Texas",,,"48065",3993,17,0,0,0,0,7,0,7,2,1,33,5,15,108,62,1005,276,190,867,365,674,343,5,11,236378700
"G4800670","2019-2023","TX",,,"Texas","48","Cass County","067",,,,,,,,,,,,,,,".",".",,,,,,,,,,,,"0500000US48067","Cass County, Texas",,,"48067",20190,217,0,2,12,9,6,16,4,81,73,236,429,485,556,442,6726,1615,1297,3032,1399,2432,821,96,204,837577400
"G4800690","2019-2023","TX",,,"Texas","48","Castro County","069",,,,,,,,,,,,,,,".",".",,,,,,,,,,,,"0500000US48069","Castro County, Texas",,,"48069",4467,277,0,30,24,0,16,33,0,165,131,54,126,61,101,40,1129,261,211,584,286,797,138,3,0,197567500
"G4800710","2019-2023","TX",,,"Texas","48","Chambers County","071",,,,,,,,,,,,,,,".",".",,,,,,,,,,,,"0500000US48071","Chambers County, Texas",,,"48071",31302,666,0,6,0,7,47,60,0,506,0,522,58,527,355,534,7001,1314,2891,6263,3356,5428,1265,269,227,1966722800
"G4800730","2019-2023","TX",,,"Texas","48","Cherokee County","073",,,,,,,,,,,,,,,".",".",,,,,,,,,,,,"0500000US48073","Cherokee County, Texas",,,"48073",33996,849,31,24,115,14,143,83,157,594,253,456,969,867,1165,843,8881,2430,2819,4589,2439,4065,1752,220,238,1431192800
"G4800750","2019-2023","TX",,,"Texas","48","Childress County","075",,,,,,,,,,,,,,,".",".",,,,,,,,,,,,"0500000US48075","Childress County, Texas",,,"48075",4931,144,0,0,0,0,13,8,0,11,31,36,120,235,67,127,1454,400,329,1132,258,406,110,35,15,171942400
"G4800770","2019-2023","TX",,,"Texas","48","Clay County","077",,,,,,,,,,,,,,,".",".",,,,,,,,,,,,"0500000US48077","Clay County, Texas",,,"48077",7672,47,0,0,0,0,0,7,11,16,51,82,59,80,133,68,2200,585,722,1296,485,1275,444,88,23,374973800
"G4800790","2019-2023","TX",,,"Texas","48","Cochran County","079",,,,,,,,,,,,,,,".",".",,,,,,,,,,,,"0500000US48079","Cochran County, Texas",,,"48079",1651,119,0,0,5,12,7,32,28,26,46,20,74,36,33,29,423,150,100,206,128,123,51,3,0,57221600
"G4800810","2019-2023","TX",,,"Texas","48","Coke County","081",,,,,,,,,,,,,,,".",".",,,,,,,,,,,,"0500000US48081","Coke County, Texas",,,"48081",2451,23,0,0,0,0,0,6,6,4,30,19,22,47,111,31,694,162,165,433,181,348,119,28,22,97776100
"G4800830","2019-2023","TX",,,"Texas","48","Coleman County","083",,,,,,,,,,,,,,,".",".",,,,,,,,,,,,"0500000US48083","Coleman County, Texas",,,"48083",5707,127,0,34,0,1,65,0,13,91,46,36,23,27,56,132,1555,353,624,1143,358,800,153,38,32,243563300
"G4800850","2019-2023","TX",,,"Texas","48","Collin County","085",,,,,,,,,,,,,,,".",".",,,,,,,,,,,,"0500000US48085","Collin County, Texas",,,"48085",740018,9636,141,107,27,182,569,1187,2009,4045,755,2239,3470,3850,3924,8763,94004,12649,36885,93193,56014,250024,124541,19134,12670,60250435600
"G4800870","2019-2023","TX",,,"Texas","48","Collingsworth County","087",,,,,,,,,,,,,,,".",".",,,,,,,,,,,,"0500000US48087","Collingsworth County, Texas",,,"48087",1720,36,0,0,0,0,6,0,4,43,2,35,11,39,110,137,319,34,96,243,157,321,85,18,24,72757900
"G4800890","2019-2023","TX",,,"Texas","48","Colorado County","089",,,,,,,,,,,,,,,".",".",,,,,,,,,,,,"0500000US48089","Colorado County, Texas",,,"48089",14221,161,0,0,0,9,34,99,19,310,23,241,107,199,245,198,4845,524,1042,1798,954,2294,858,210,51,743418900
"G4800910","2019-2023","TX",,,"Texas","48","Comal County","091",,,,,,,,,,,,,,,".",".",,,,,,,,,,,,"0500000US48091","Comal County, Texas",,,"48091",122914,1256,30,0,20,20,8,82,33,500,132,461,1071,1030,972,1508,22581,4112,8366,18958,9887,33728,13768,2478,1913,8956286600
"G4800930","2019-2023","TX",,,"Texas","48","Comanche County","093",,,,,,,,,,,,,,,".",".",,,,,,,,,,,,"0500000US48093","Comanche County, Texas",,,"48093",9637,130,0,13,24,13,101,44,0,194,29,34,186,382,163,171,2640,503,895,1294,896,1320,533,25,47,428878800
"G4800950","2019-2023","TX",,,"Texas","48","Concho County","095",,,,,,,,,,,,,,,".",".",,,,,,,,,,,,"0500000US48095","Concho County, Texas",,,"48095",2614,2,0,0,8,0,57,47,18,51,0,74,55,35,100,89,912,217,91,409,105,231,97,5,11,60553600
"G4800970","2019-2023","TX",,,"Texas","48","Cooke County","097",,,,,,,,,,,,,,,".",".",,,,,,,,,,,,"0500000US48097","Cooke County, Texas",,,"48097",28744,531,7,0,72,0,68,36,55,282,24,237,579,540,222,684,7423,1551,2336,4697,2618,4507,1704,246,325,1623272600
"G4800990","2019-2023","TX",,,"Texas","48","Coryell County","099",,,,,,,,,,,,,,,".",".",,,,,,,,,,,,"0500000US48099","Coryell County, Texas",,,"48099",53330,440,19,24,7,7,17,185,80,461,103,449,769,859,873,690,11067,5064,6159,10404,5704,6681,2757,242,269,2217116400
"G4801010","2019-2023","TX",,,"Texas","48","Cottle County","101",,,,,,,,,,,,,,,".",".",,,,,,,,,,,,"0500000US48101","Cottle County, Texas",,,"48101",936,19,0,0,0,0,0,0,0,12,23,23,21,4,63,26,166,66,93,165,51,146,53,3,2,44428600
"G4801030","2019-2023","TX",,,"Texas","48","Crane County","103",,,,,,,,,,,,,,,".",".",,,,,,,,,,,,"0500000US48103","Crane County, Texas",,,"48103",2900,19,0,0,0,131,16,0,29,132,24,112,131,58,13,43,894,296,138,360,88,294,110,0,12,134448400
"G4801050","2019-2023","TX",,,"Texas","48","Crockett County","105",,,,,,,,,,,,,,,".",".",,,,,,,,,,,,"0500000US48105","Crockett County, Texas",,,"48105",2209,0,0,0,0,71,46,0,133,0,70,81,241,42,72,0,510,53,136,466,45,150,61,32,0,114166700
"G4801070","2019-2023","TX",,,"Texas","48","Crosby County","107",,,,,,,,,,,,,,,".",".",,,,,,,,,,,,"0500000US48107","Crosby County, Texas",,,"48107",3297,61,0,6,0,0,44,5,26,73,8,91,122,100,107,68,988,272,206,450,204,374,86,4,2,156885800
"G4801090","2019-2023","TX",,,"Texas","48","Culberson County","109",,,,,,,,,,,,,,,".",".",,,,,,,,,,,,"0500000US48109","Culberson County, Texas",,,"48109",1607,94,0,0,13,0,29,0,62,42,20,28,71,30,10,30,718,47,86,64,1,248,2,12,0,37387100
"G4801110","2019-2023","TX",,,"Texas","48","Dallam County","111",,,,,,,,,,,,,,,".",".",,,,,,,,,,,,"0500000US48111","Dallam County, Texas",,,"48111",4396,366,0,0,0,18,0,50,31,103,4,96,63,23,5,88,1705,305,110,549,189,598,29,59,5,196321000
"G4801130","2019-2023","TX",,,"Texas","48","Dallas County","113",,,,,,,,,,,,,,,".",".",,,,,,,,,,,,"0500000US48113","Dallas County, Texas",,,"48113",1693339,59490,498,983,1540,5103,11857,6117,9459,45621,10001,21654,46308,26903,26515,38150,326148,54651,93792,212470,105997,363144,161217,43257,22464,106074330700
"G4801150","2019-2023","TX",,,"Texas","48","Dawson County","115",,,,,,,,,,,,,,,".",".",,,,,,,,,,,,"0500000US48115","Dawson County, Texas",,,"48115",8037,339,0,0,16,48,47,127,68,191,33,214,375,305,218,244,2037,785,525,834,468,963,118,41,41,304915200
"G4801170","2019-2023","TX",,,"Texas","48","Deaf Smith County","117",,,,,,,,,,,,,,,".",".",,,,,,,,,,,,"0500000US48117","Deaf Smith County, Texas",,,"48117",10769,402,0,12,44,196,53,29,21,426,232,225,525,242,306,366,3323,1090,531,1110,363,886,267,38,82,429809200
"G4801190","2019-2023","TX",,,"Texas","48","Delta County","119",,,,,,,,,,,,,,,".",".",,,,,,,,,,,,"0500000US48119","Delta County, Texas",,,"48119",3752,83,0,0,0,0,0,0,0,17,24,24,21,104,62,42,1144,219,279,639,361,547,186,0,0,166550600
"G4801210","2019-2023","TX",,,"Texas","48","Denton County","121",,,,,,,,,,,,,,,".",".",,,,,,,,,,,,"0500000US48121","Denton County, Texas",,,"48121",635931,10276,359,128,110,569,311,590,505,2820,925,2496,5508,3817,4673,8818,89806,16730,43495,85271,50982,201939,84844,11619,9340,49086963000
"G4801230","2019-2023","TX",,,"Texas","48","DeWitt County","123",,,,,,,,,,,,,,,".",".",,,,,,,,,,,,"0500000US48123","DeWitt County, Texas",,,"48123",13830,251,13,0,10,30,86,13,15,114,44,245,305,305,265,320,4170,1477,841,2009,1139,1506,494,98,80,575803300
"G4801250","2019-2023","TX",,,"Texas","48","Dickens County","125",,,,,,,,,,,,,,,".",".",,,,,,,,,,,,"0500000US48125","Dickens County, Texas",,,"48125",1193,39,0,0,6,0,0,9,0,0,8,8,23,14,65,7,332,93,121,150,90,165,45,18,0,50785900
"G4801270","2019-2023","TX",,,"Texas","48","Dimmit County","127",,,,,,,,,,,,,,,".",".",,,,,,,,,,,,"0500000US48127","Dimmit County, Texas",,,"48127",5170,321,0,0,0,7,31,57,54,76,52,215,153,117,80,161,1250,618,350,825,232,282,202,35,52,169571200
"G4801290","2019-2023","TX",,,"Texas","48","Donley County","129",,,,,,,,,,,,,,,".",".",,,,,,,,,,,,"0500000US48129","Donley County, Texas",,,"48129",2211,12,0,0,0,0,12,0,0,51,13,1,48,44,164,19,573,150,160,414,193,242,112,3,0,83268200
"G4801310","2019-2023","TX",,,"Texas","48","Duval County","131",,,,,,,,,,,,,,,".",".",,,,,,,,,,,,"0500000US48131","Duval County, Texas",,,"48131",6542,113,0,0,30,0,22,74,61,235,186,128,270,268,224,118,2002,281,430,1240,404,280,153,23,0,180261000
"G4801330","2019-2023","TX",,,"Texas","48","Eastland County","133",,,,,,,,,,,,,,,".",".",,,,,,,,,,,,"0500000US48133","Eastland County, Texas",,,"48133",12177,168,0,0,59,0,112,38,14,73,5,208,149,542,247,215,3142,914,962,1775,849,1844,705,87,69,547799100
"G4801350","2019-2023","TX",,,"Texas","48","Ector County","135",,,,,,,,,,,,,,,".",".",,,,,,,,,,,,"0500000US48135","Ector County, Texas",,,"48135",98069,3478,0,0,135,306,662,576,273,2266,673,1489,1748,2767,3909,3660,23271,6611,7935,14044,7940,11234,3989,657,446,5753859300
"G4801370","2019-2023","TX",,,"Texas","48","Edwards County","137",,,,,,,,,,,,,,,".",".",,,,,,,,,,,,"0500000US48137","Edwards County, Texas",,,"48137",922,38,0,0,0,0,26,13,0,57,10,7,27,1,20,0,199,10,119,108,48,202,37,0,0,24610500
"G4801390","2019-2023","TX",,,"Texas","48","Ellis County","139",,,,,,,,,,,,,,,".",".",,,,,,,,,,,,"0500000US48139","Ellis County, Texas",,,"48139",131896,3190,21,164,30,133,356,103,465,1587,235,1312,2196,1600,2279,2623,29064,6497,10656,20580,11081,25022,10742,1134,826,7844754600
"G4801410","2019-2023","TX",,,"Texas","48","El Paso County","141",,,,,,,,,,,,,,,".",".",,,,,,,,,,,,"0500000US48141","El Paso County, Texas",,,"48141",542719,20098,152,184,608,1767,3952,2405,3532,18611,2959,7993,12110,7402,7830,15427,100859,34242,34501,80292,50155,92832,33427,6645,4736,23053200500
"G4801430","2019-2023","TX",,,"Texas","48","Erath County","143",,,,,,,,,,,,,,,".",".",,,,,,,,,,,,"0500000US48143","Erath County, Texas",,,"48143",25650,804,0,0,13,47,37,0,131,295,34,120,264,437,412,725,5390,1349,1507,3573,2177,5509,2219,256,351,1420136200
"G4801450","2019-2023","TX",,,"Texas","48","Falls County","145",,,,,,,,,,,,,,,".",".",,,,,,,,,,,,"0500000US48145","Falls County, Texas",,,"48145",12157,158,0,0,0,72,7,5,146,112,90,150,250,210,349,289,3004,984,1050,2653,810,1190,375,146,107,439165400
"G4801470","2019-2023","TX",,,"Texas","48","Fannin County","147",,,,,,,,,,,,,,,".",".",,,,,,,,,,,,"0500000US48147","Fannin County, Texas",,,"48147",25860,301,0,0,4,0,16,0,97,133,183,420,794,513,544,417,7080,2118,2505,3872,1648,3486,1331,175,223,1212079700
"G4801490","2019-2023","TX",,,"Texas","48","Fayette County","149",,,,,,,,,,,,,,,".",".",,,,,,,,,,,,"0500000US48149","Fayette County, Texas",,,"48149",18150,269,7,9,23,0,110,0,58,160,68,149,160,218,183,355,5940,692,1185,2205,1430,3595,982,247,105,1011517000
"G4801510","2019-2023","TX",,,"Texas","48","Fisher County","151",,,,,,,,,,,,,,,".",".",,,,,,,,,,,,"0500000US48151","Fisher County, Texas",,,"48151",2727,58,0,2,0,0,13,5,13,23,5,31,23,24,42,25,838,157,198,480,293,334,139,16,8,127284000
"G4801530","2019-2023","TX",,,"Texas","48","Floyd County","153",,,,,,,,,,,,,,,".",".",,,,,,,,,,,,"0500000US48153","Floyd County, Texas",,,"48153",3584,115,0,0,8,0,18,71,15,108,18,55,81,190,133,99,877,191,275,426,305,473,103,23,0,160991500
"G4801550","2019-2023","TX",,,"Texas","48","Foard County","155",,,,,,,,,,,,,,,".",".",,,,,,,,,,,,"0500000US48155","Foard County, Texas",,,"48155",677,1,0,0,0,19,0,0,0,0,3,25,3,50,9,17,158,41,71,119,63,73,20,0,5,28595300
"G4801570","2019-2023","TX",,,"Texas","48","Fort Bend County","157",,,,,,,,,,,,,,,".",".",,,,,,,,,,,,"0500000US48157","Fort Bend County, Texas",,,"48157",556652,12562,243,60,347,552,942,492,1513,3235,1369,2708,3283,4156,3736,9711,81105,16838,27391,71078,40947,164356,80780,14779,14469,39969306800
"G4801590","2019-2023","TX",,,"Texas","48","Franklin County","159",,,,,,,,,,,,,,,".",".",,,,,,,,,,,,"0500000US48159","Franklin County, Texas",,,"48159",7427,40,0,0,0,0,34,0,57,93,20,23,35,162,136,77,1553,463,663,1348,546,1431,565,48,133,395062600
"G4801610","2019-2023","TX",,,"Texas","48","Freestone County","161",,,,,,,,,,,,,,,".",".",,,,,,,,,,,,"0500000US48161","Freestone County, Texas",,,"48161",13942,74,0,0,0,71,9,11,9,129,43,256,410,276,495,87,4001,915,736,2734,1471,1577,479,86,73,543112100
"G4801630","2019-2023","TX",,,"Texas","48","Frio County","163",,,,,,,,,,,,,,,".",".",,,,,,,,,,,,"0500000US48163","Frio County, Texas",,,"48163",11315,497,0,0,24,81,74,0,49,497,83,145,728,544,257,350,3358,1249,506,1177,407,799,271,30,189,358918300
"G4801650","2019-2023","TX",,,"Texas","48","Gaines County","165",,,,,,,,,,,,,,,".",".",,,,,,,,,,,,"0500000US48165","Gaines County, Texas",,,"48165",11794,1215,0,0,15,37,155,148,133,660,370,1018,330,216,155,470,2601,1017,716,932,656,786,163,1,0,661442700
"G4801670","2019-2023","TX",,,"Texas","48","Galveston County","167",,,,,,,,,,,,,,,".",".",,,,,,,,,,,,"0500000US48167","Galveston County, Texas",,,"48167",240596,4183,20,8,27,298,724,245,584,2016,780,1269,3319,3308,3360,4290,44436,11210,19006,36398,22691,55058,18787,4722,3857,15655826600
"G4801690","2019-2023","TX",,,"Texas","48","Garza County","169",,,,,,,,,,,,,,,".",".",,,,,,,,,,,,"0500000US48169","Garza County, Texas",,,"48169",3748,124,0,0,22,113,80,7,46,124,35,41,300,128,129,48,908,328,211,626,80,272,101,8,17,98054000
"G4801710","2019-2023","TX",,,"Texas","48","Gillespie County","171",,,,,,,,,,,,,,,".",".",,,,,,,,,,,,"0500000US48171","Gillespie County, Texas",,,"48171",20328,174,0,0,0,36,128,13,99,201,166,278,281,177,353,273,4386,634,1595,2728,1623,4526,1844,455,358,1146600700
"G4801730","2019-2023","TX",,,"Texas","48","Glasscock County","173",,,,,,,,,,,,,,,".",".",,,,,,,,,,,,"0500000US48173","Glasscock County, Texas",,,"48173",780,9,0,0,0,0,0,0,0,23,0,41,0,18,6,0,104,8,77,153,30,255,36,20,0,56932200
"G4801750","2019-2023","TX",,,"Texas","48","Goliad County","175",,,,,,,,,,,,,,,".",".",,,,,,,,,,,,"0500000US48175","Goliad County, Texas",,,"48175",5200,73,10,0,0,7,31,94,29,72,75,73,133,50,152,32,1367,186,429,714,686,685,213,67,22,272186300
"G4801770","2019-2023","TX",,,"Texas","48","Gonzales County","177",,,,,,,,,,,,,,,".",".",,,,,,,,,,,,"0500000US48177","Gonzales County, Texas",,,"48177",13004,570,0,0,32,38,167,74,109,178,129,157,421,337,545,235,4298,783,1204,1178,905,1170,330,56,88,617129300
"G4801790","2019-2023","TX",,,"Texas","48","Gray County","179",,,,,,,,,,,,,,,".",".",,,,,,,,,,,,"0500000US48179","Gray County, Texas",,,"48179",13929,203,0,6,50,18,102,17,15,445,79,122,316,237,338,175,3655,1379,1302,2071,1254,1682,372,48,43,640659400
"G4801810","2019-2023","TX",,,"Texas","48","Grayson County","181",,,,,,,,,,,,,,,".",".",,,,,,,,,,,,"0500000US48181","Grayson County, Texas",,,"48181",94534,1646,22,13,5,19,71,121,227,447,209,929,1250,1345,1244,1466,23518,5880,7534,16079,10073,15142,5304,898,1092,5055970300
"G4801830","2019-2023","TX",,,"Texas","48","Gregg County","183",,,,,,,,,,,,,,,".",".",,,,,,,,,,,,"0500000US48183","Gregg County, Texas",,,"48183",80624,1041,20,92,28,127,318,91,287,1271,585,588,1337,1340,1976,1577,19320,3485,5934,15576,7605,12333,4236,1051,406,4189329400
"G4801850","2019-2023","TX",,,"Texas","48","Grimes County","185",,,,,,,,,,,,,,,".",".",,,,,,,,,,,,"0500000US48185","Grimes County, Texas",,,"48185",20996,471,0,19,44,62,41,27,142,156,287,275,516,559,689,502,4617,1843,1545,3333,1782,2630,1145,226,85,959585700
"G4801870","2019-2023","TX",,,"Texas","48","Guadalupe County","187",,,,,,,,,,,,,,,".",".",,,,,,,,,,,,"0500000US48187","Guadalupe County, Texas",,,"48187",119682,2447,30,31,44,128,409,96,241,865,415,1063,1828,1303,1591,2313,28739,5504,9251,15304,11071,24432,10245,1255,1077,6951005500
"G4801890","2019-2023","TX",,,"Texas","48","Hale County","189",,,,,,,,,,,,,,,".",".",,,,,,,,,,,,"0500000US48189","Hale County, Texas",,,"48189",19972,676,0,0,9,147,326,60,246,562,308,387,979,467,371,431,5117,1534,1089,2761,1380,1927,959,81,155,748816800
"G4801910","2019-2023","TX",,,"Texas","48","Hall County","191",,,,,,,,,,,,,,,".",".",,,,,,,,,,,,"0500000US48191","Hall County, Texas",,,"48191",2054,47,0,0,4,0,5,0,4,41,0,42,61,76,47,16,577,133,154,282,199,265,87,9,5,72441200
"G4801930","2019-2023","TX",,,"Texas","48","Hamilton County","193",,,,,,,,,,,,,,,".",".",,,,,,,,,,,,"0500000US48193","Hamilton County, Texas",,,"48193",5845,105,0,0,0,30,0,11,0,23,16,18,95,70,153,160,1754,320,493,700,478,1074,256,53,36,278364500
"G4801950","2019-2023","TX",,,"Texas","48","Hansford County","195",,,,,,,,,,,,,,,".",".",,,,,,,,,,,,"0500000US48195","Hansford County, Texas",,,"48195",3227,106,0,0,0,8,8,0,28,275,6,15,187,52,31,103,542,157,267,256,205,753,193,28,7,168534100
"G4801970","2019-2023","TX",,,"Texas","48","Hardeman County","197",,,,,,,,,,,,,,,".",".",,,,,,,,,,,,"0500000US48197","Hardeman County, Texas",,,"48197",2489,41,0,0,0,10,0,0,21,46,9,14,33,41,91,50,771,76,184,504,224,305,65,4,0,94409700
"G4801990","2019-2023","TX",,,"Texas","48","Hardin County","199",,,,,,,,,,,,,,,".",".",,,,,,,,,,,,"0500000US48199","Hardin County, Texas",,,"48199",38683,603,0,7,6,0,0,5,203,27,7,183,505,945,847,567,11900,2531,3249,5693,3372,6111,1584,244,94,2045735600
"G4802010","2019-2023","TX",,,"Texas","48","Harris County","201",,,,,,,,,,,,,,,".",".",,,,,,,,,,,,"0500000US48201","Harris County, Texas",,,"48201",3073858,117178,909,1934,5813,11704,18677,12220,19047,78513,14913,33282,62196,39859,48650,73604,581712,116650,173981,403489,222206,645298,268202,75577,48244,187989738800
"G4802030","2019-2023","TX",,,"Texas","48","Harrison County","203",,,,,,,,,,,,,,,".",".",,,,,,,,,,,,"0500000US48203","Harrison County, Texas",,,"48203",46005,574,2,0,18,43,51,18,82,420,36,470,649,958,912,757,12284,2658,3801,7706,4214,7031,2733,334,254,2131429500
"G4802050","2019-2023","TX",,,"Texas","48","Hartley County","205",,,,,,,,,,,,,,,".",".",,,,,,,,,,,,"0500000US48205","Hartley County, Texas",,,"48205",4000,20,0,0,0,61,41,0,57,42,45,59,76,120,132,24,982,414,264,498,242,575,240,16,92,165429600
"G4802070","2019-2023","TX",,,"Texas","48","Haskell County","207",,,,,,,,,,,,,,,".",".",,,,,,,,,,,,"0500000US48207","Haskell County, Texas",,,"48207",3907,93,0,40,0,22,32,12,30,9,18,36,86,94,127,53,974,394,382,438,188,522,346,8,3,192881000
"G4802090","2019-2023","TX",,,"Texas","48","Hays County","209",,,,,,,,,,,,,,,".",".",,,,,,,,,,,,"0500000US48209","Hays County, Texas",,,"48209",159174,2400,72,101,91,17,384,425,149,1390,962,802,1463,1283,1742,2270,28863,4949,11727,22275,11151,43152,17312,2773,3421,10616754000
"G4802110","2019-2023","TX",,,"Texas","48","Hemphill County","211",,,,,,,,,,,,,,,".",".",,,,,,,,,,,,"0500000US48211","Hemphill County, Texas",,,"48211",2209,16,0,0,0,19,23,0,0,89,5,52,41,64,16,17,643,84,53,331,216,459,69,12,0,153153000
"G4802130","2019-2023","TX",,,"Texas","48","Henderson County","213",,,,,,,,,,,,,,,".",".",,,,,,,,,,,,"0500000US48213","Henderson County, Texas",,,"48213",59212,752,25,0,62,12,83,19,19,615,162,733,1354,1207,1665,681,16049,3826,5072,9460,5448,7857,3173,527,411,2784112300
"G4802150","2019-2023","TX",,,"Texas","48","Hidalgo County","215",,,,,,,,,,,,,,,".",".",,,,,,,,,,,,"0500000US48215","Hidalgo County, Texas",,,"48215",506571,18851,154,292,1856,3326,8468,5152,7926,23780,5558,15364,27596,12239,13297,11412,108623,18862,24345,68132,28369,70640,24120,5036,3173,18943680900
"G4802170","2019-2023","TX",,,"Texas","48","Hill County","217",,,,,,,,,,,,,,,".",".",,,,,,,,,,,,"0500000US48217","Hill County, Texas",,,"48217",25097,543,0,3,7,43,62,10,112,240,40,200,456,533,618,414,6787,1788,2380,3561,2669,3033,1308,194,96,1078628700
"G4802190","2019-2023","TX",,,"Texas","48","Hockley County","219",,,,,,,,,,,,,,,".",".",,,,,,,,,,,,"0500000US48219","Hockley County, Texas",,,"48219",13695,473,0,4,32,12,20,37,29,181,193,183,372,402,507,309,3195,702,1107,2161,1268,1742,656,46,64,620563100
"G4802210","2019-2023","TX",,,"Texas","48","Hood County","221",,,,,,,,,,,,,,,".",".",,,,,,,,,,,,"0500000US48221","Hood County, Texas",,,"48221",46666,520,0,7,28,0,20,0,16,169,147,171,404,512,653,965,10331,2690,4339,7143,3428,10532,3499,495,597,2812872800
"G4802230","2019-2023","TX",,,"Texas","48","Hopkins County","223",,,,,,,,,,,,,,,".",".",,,,,,,,,,,,"0500000US48223","Hopkins County, Texas",,,"48223",25219,375,21,5,52,30,115,118,76,297,76,235,402,697,888,488,7131,1455,1780,4014,1913,3405,1291,196,159,1202508800
"G4802250","2019-2023","TX",,,"Texas","48","Houston County","225",,,,,,,,,,,,,,,".",".",,,,,,,,,,,,"0500000US48225","Houston County, Texas",,,"48225",16304,172,7,0,7,21,76,0,24,183,89,312,384,554,617,380,4755,1400,1417,2233,1142,1761,625,96,49,587572300
"G4802270","2019-2023","TX",,,"Texas","48","Howard County","227",,,,,,,,,,,,,,,".",".",,,,,,,,,,,,"0500000US48227","Howard County, Texas",,,"48227",22763,525,0,0,10,24,107,11,175,450,399,523,638,480,410,522,5818,1730,2109,3385,1955,2381,723,185,203,1096782600
"G4802290","2019-2023","TX",,,"Texas","48","Hudspeth County","229",,,,,,,,,,,,,,,".",".",,,,,,,,,,,,"0500000US48229","Hudspeth County, Texas",,,"48229",2188,29,0,0,0,0,36,24,13,250,68,106,223,29,66,33,490,57,169,200,124,237,34,0,0,48377800
"G4802310","2019-2023","TX",,,"Texas","48","Hunt County","231",,,,,,,,,,,,,,,".",".",,,,,,,,,,,,"0500000US48231","Hunt County, Texas",,,"48231",69177,1377,0,26,0,79,52,48,202,906,316,705,1049,1481,1773,1451,19272,3955,6433,10033,4874,9967,3979,688,511,3322558400
"G4802330","2019-2023","TX",,,"Texas","48","Hutchinson County","233",,,,,,,,,,,,,,,".",".",,,,,,,,,,,,"0500000US48233","Hutchinson County, Texas",,,"48233",13401,370,0,0,6,0,57,49,34,184,10,78,266,329,208,308,3243,1049,1333,2527,1212,1605,460,65,8,588438300
"G4802350","2019-2023","TX",,,"Texas","48","Irion County","235",,,,,,,,,,,,,,,".",".",,,,,,,,,,,,"0500000US48235","Irion County, Texas",,,"48235",1067,3,0,0,0,0,11,0,0,26,0,19,12,30,10,4,250,27,138,210,91,205,18,13,0,47268600
"G4802370","2019-2023","TX",,,"Texas","48","Jack County","237",,,,,,,,,,,,,,,".",".",,,,,,,,,,,,"0500000US48237","Jack County, Texas",,,"48237",5873,131,0,0,0,8,5,0,8,169,28,101,87,220,135,268,1467,475,498,947,412,659,197,37,21,255648100
"G4802390","2019-2023","TX",,,"Texas","48","Jackson County","239",,,,,,,,,,,,,,,".",".",,,,,,,,,,,,"0500000US48239","Jackson County, Texas",,,"48239",10312,150,0,0,0,3,63,9,13,247,65,156,136,288,409,216,3190,607,808,1415,902,1247,318,30,40,460501800
"G4802410","2019-2023","TX",,,"Texas","48","Jasper County","241",,,,,,,,,,,,,,,".",".",,,,,,,,,,,,"0500000US48241","Jasper County, Texas",,,"48241",22767,204,0,0,17,0,6,44,59,99,47,181,400,513,706,379,9385,1107,2684,2411,1667,1947,791,26,94,1023269500
"G4802430","2019-2023","TX",,,"Texas","48","Jeff Davis County","243",,,,,,,,,,,,,,,".",".",,,,,,,,,,,,"0500000US48243","Jeff Davis County, Texas",,,"48243",1403,50,0,0,0,0,102,0,0,0,0,0,30,5,0,0,146,45,69,436,93,265,122,18,22,61988500
"G4802450","2019-2023","TX",,,"Texas","48","Jefferson County","245",,,,,,,,,,,,,,,".",".",,,,,,,,,,,,"0500000US48245","Jefferson County, Texas",,,"48245",169482,4435,19,47,68,327,600,328,405,2345,1469,2013,3663,3084,3879,2937,46019,8873,10242,28892,16873,22507,7582,1606,1269,7918485600
"G4802470","2019-2023","TX",,,"Texas","48","Jim Hogg County","247",,,,,,,,,,,,,,,".",".",,,,,,,,,,,,"0500000US48247","Jim Hogg County, Texas",,,"48247",2406,93,0,0,4,0,0,0,0,68,0,47,111,32,26,130,734,251,132,289,33,331,65,14,46,74362000
"G4802490","2019-2023","TX",,,"Texas","48","Jim Wells County","249",,,,,,,,,,,,,,,".",".",,,,,,,,,,,,"0500000US48249","Jim Wells County, Texas",,,"48249",24708,403,0,0,0,35,162,139,173,286,397,259,815,743,1013,713,7421,1793,1610,3525,1471,2804,770,119,57,933495000
"G4802510","2019-2023","TX",,,"Texas","48","Johnson County","251",,,,,,,,,,,,,,,".",".",,,,,,,,,,,,"0500000US48251","Johnson County, Texas",,,"48251",123479,2393,8,0,10,30,334,511,461,1468,312,853,2297,2287,2079,3105,34239,7783,9377,17772,9091,20283,7052,1026,708,6303916000
"G4802530","2019-2023","TX",,,"Texas","48","Jones County","253",,,,,,,,,,,,,,,".",".",,,,,,,,,,,,"0500000US48253","Jones County, Texas",,,"48253",14783,120,0,0,8,8,117,29,19,160,46,249,539,512,684,305,3418,2293,1218,1977,1422,1285,310,40,24,466160900
"G4802550","2019-2023","TX",,,"Texas","48","Karnes County","255",,,,,,,,,,,,,,,".",".",,,,,,,,,,,,"0500000US48255","Karnes County, Texas",,,"48255",10496,144,0,0,16,19,89,12,63,221,99,159,591,473,329,181,2722,1138,516,1236,807,1107,451,114,9,410205900
"G4802570","2019-2023","TX",,,"Texas","48","Kaufman County","257",,,,,,,,,,,,,,,".",".",,,,,,,,,,,,"0500000US48257","Kaufman County, Texas",,,"48257",101359,2906,34,0,71,100,96,146,0,841,588,551,1839,1809,2003,2865,23897,5538,8767,14443,9224,18460,5864,573,744,5196313000
"G4802590","2019-2023","TX",,,"Texas","48","Kendall County","259",,,,,,,,,,,,,,,".",".",,,,,,,,,,,,"0500000US48259","Kendall County, Texas",,,"48259",32551,216,14,0,0,24,23,81,12,243,263,122,293,102,173,531,4681,707,2180,4446,2451,10276,4273,848,592,2684888900
"G4802610","2019-2023","TX",,,"Texas","48","Kenedy County","261",,,,,,,,,,,,,,,".",".",,,,,,,,,,,,"0500000US48261","Kenedy County, Texas",,,"48261",47,0,0,0,0,5,1,1,9,4,0,0,3,0,2,0,9,0,1,7,0,4,1,0,0,1265600
"G4802630","2019-2023","TX",,,"Texas","48","Kent County","263",,,,,,,,,,,,,,,".",".",,,,,,,,,,,,"0500000US48263","Kent County, Texas",,,"48263",565,8,0,0,0,0,0,0,0,0,10,0,14,12,3,10,122,20,86,68,60,81,60,9,2,23652900
"G4802650","2019-2023","TX",,,"Texas","48","Kerr County","265",,,,,,,,,,,,,,,".",".",,,,,,,,,,,,"0500000US48265","Kerr County, Texas",,,"48265",39070,653,2,0,0,21,40,72,138,566,77,132,833,526,383,340,9736,1618,3035,5370,3333,7637,3111,767,680,2106634000
"G4802670","2019-2023","TX",,,"Texas","48","Kimble County","267",,,,,,,,,,,,,,,".",".",,,,,,,,,,,,"0500000US48267","Kimble County, Texas",,,"48267",3361,48,0,0,0,0,19,0,112,29,30,20,126,63,67,53,792,192,258,499,191,560,246,39,17,161362800
"G4802690","2019-2023","TX",,,"Texas","48","King County","269",,,,,,,,,,,,,,,".",".",,,,,,,,,,,,"0500000US48269","King County, Texas",,,"48269",154,14,0,0,0,0,7,0,0,7,0,1,0,0,0,2,39,0,6,22,0,49,4,0,3,6637600
"G4802710","2019-2023","TX",,,"Texas","48","Kinney County","271",,,,,,,,,,,,,,,".",".",,,,,,,,,,,,"0500000US48271","Kinney County, Texas",,,"48271",2551,5,0,0,0,6,0,0,0,113,0,46,43,43,8,24,585,50,334,533,263,268,230,0,0,83917000
"G4802730","2019-2023","TX",,,"Texas","48","Kleberg County","273",,,,,,,,,,,,,,,".",".",,,,,,,,,,,,"0500000US48273","Kleberg County, Texas",,,"48273",17357,479,0,0,9,41,39,45,118,377,51,490,274,283,336,265,4270,1427,1321,2383,1031,2602,1143,137,236,843305300
"G4802750","2019-2023","TX",,,"Texas","48","Knox County","275",,,,,,,,,,,,,,,".",".",,,,,,,,,,,,"0500000US48275","Knox County, Texas",,,"48275",2308,75,0,0,0,11,7,2,8,32,17,53,5,26,74,31,719,135,292,311,150,254,101,0,5,89701000
"G4802770","2019-2023","TX",,,"Texas","48","Lamar County","277",,,,,,,,,,,,,,,".",".",,,,,,,,,,,,"0500000US48277","Lamar County, Texas",,,"48277",34339,786,0,0,0,23,0,9,125,130,110,478,296,818,846,489,9576,2037,2839,5239,3470,4733,1818,296,221,1569771700
"G4802790","2019-2023","TX",,,"Texas","48","Lamb County","279",,,,,,,,,,,,,,,".",".",,,,,,,,,,,,"0500000US48279","Lamb County, Texas",,,"48279",8091,169,0,8,12,87,90,34,37,245,108,176,228,213,345,77,2381,378,621,981,748,802,325,12,14,330531400
"G4802810","2019-2023","TX",,,"Texas","48","Lampasas County","281",,,,,,,,,,,,,,,".",".",,,,,,,,,,,,"0500000US48281","Lampasas County, Texas",,,"48281",15684,405,0,0,0,0,37,17,20,63,94,39,123,159,370,198,3532,1136,1478,3064,1555,2367,808,111,108,773860500
"G4802830","2019-2023","TX",,,"Texas","48","La Salle County","283",,,,,,,,,,,,,,,".",".",,,,,,,,,,,,"0500000US48283","La Salle County, Texas",,,"48283",4496,154,0,0,0,0,6,53,106,216,2,229,259,82,405,113,1436,460,129,383,99,176,173,15,0,106971200
"G4802850","2019-2023","TX",,,"Texas","48","Lavaca County","285",,,,,,,,,,,,,,,".",".",,,,,,,,,,,,"0500000US48285","Lavaca County, Texas",,,"48285",14238,213,0,0,35,3,9,19,90,200,102,284,198,178,251,251,4762,596,851,2098,1122,2123,742,102,9,717349600
"G4802870","2019-2023","TX",,,"Texas","48","Lee County","287",,,,,,,,,,,,,,,".",".",,,,,,,,,,,,"0500000US48287","Lee County, Texas",,,"48287",12604,210,0,0,53,133,113,14,27,272,65,163,464,267,133,204,4438,340,996,1434,921,1769,426,120,42,533634000
"G4802890","2019-2023","TX",,,"Texas","48","Leon County","289",,,,,,,,,,,,,,,".",".",,,,,,,,,,,,"0500000US48289","Leon County, Texas",,,"48289",11370,120,6,68,0,42,63,36,28,156,61,139,223,105,229,280,3861,489,993,1816,716,1232,610,29,68,512229700
"G4802910","2019-2023","TX",,,"Texas","48","Liberty County","291",,,,,,,,,,,,,,,".",".",,,,,,,,,,,,"0500000US48291","Liberty County, Texas",,,"48291",60529,2216,0,0,303,161,355,174,365,1257,308,710,2149,1424,2120,1727,18696,4405,4376,8515,4466,4950,1547,100,205,2523991000
"G4802930","2019-2023","TX",,,"Texas","48","Limestone County","293",,,,,,,,,,,,,,,".",".",,,,,,,,,,,,"0500000US48293","Limestone County, Texas",,,"48293",15554,276,8,16,0,41,32,66,16,153,116,244,195,297,469,318,3868,1015,987,2865,1597,2097,681,69,128,601137100
"G4802950","2019-2023","TX",,,"Texas","48","Lipscomb County","295",,,,,,,,,,,,,,,".",".",,,,,,,,,,,,"0500000US48295","Lipscomb County, Texas",,,"48295",1854,47,0,0,14,0,15,10,21,59,10,11,22,27,54,16,478,49,120,276,154,373,77,12,9,100440800
"G4802970","2019-2023","TX",,,"Texas","48","Live Oak County","297",,,,,,,,,,,,,,,".",".",,,,,,,,,,,,"0500000US48297","Live Oak County, Texas",,,"48297",8323,175,0,0,31,55,34,17,89,105,119,226,359,213,349,150,1970,478,584,1543,674,735,309,34,74,321085800
"G4802990","2019-2023","TX",,,"Texas","48","Llano County","299",,,,,,,,,,,,,,,".",".",,,,,,,,,,,,"0500000US48299","Llano County, Texas",,,"48299",17478,392,0,0,0,11,0,0,0,60,144,22,130,220,213,220,3921,879,1227,3055,1206,4004,1022,582,170,1149055900
"G4803010","2019-2023","TX",,,"Texas","48","Loving County","301",,,,,,,,,,,,,,,".",".",,,,,,,,,,,,"0500000US48301","Loving County, Texas",,,"48301",52,0,0,0,0,0,0,0,0,0,0,0,0,0,3,0,11,0,2,8,28,0,0,0,0,4408700
"G4803030","2019-2023","TX",,,"Texas","48","Lubbock County","303",,,,,,,,,,,,,,,".",".",,,,,,,,,,,,"0500000US48303","Lubbock County, Texas",,,"48303",188789,3500,69,151,6,253,488,147,393,1541,1121,1454,2642,3187,3078,3087,39410,8825,15011,27355,14158,37942,16658,3742,4571,11022894400
"G4803050","2019-2023","TX",,,"Texas","48","Lynn County","305",,,,,,,,,,,,,,,".",".",,,,,,,,,,,,"0500000US48305","Lynn County, Texas",,,"48305",3708,73,0,0,6,2,35,12,13,64,19,51,115,95,56,98,792,242,278,545,311,580,288,12,21,179571600
"G4803070","2019-2023","TX",,,"Texas","48","McCulloch County","307",,,,,,,,,,,,,,,".",".",,,,,,,,,,,,"0500000US48307","McCulloch County, Texas",,,"48307",5377,179,0,0,1,0,0,37,0,120,14,152,146,45,97,136,1406,369,319,942,360,718,310,7,19,216307300
"G4803090","2019-2023","TX",,,"Texas","48","McLennan County","309",,,,,,,,,,,,,,,".",".",,,,,,,,,,,,"0500000US48309","McLennan County, Texas",,,"48309",162133,2055,2,69,70,113,403,270,376,2096,799,1473,2582,3125,3030,2839,36774,7492,11603,25273,16662,27176,12132,2961,2758,8452623200
"G4803110","2019-2023","TX",,,"Texas","48","McMullen County","311",,,,,,,,,,,,,,,".",".",,,,,,,,,,,,"0500000US48311","McMullen County, Texas",,,"48311",354,0,0,0,0,0,0,5,0,9,0,3,13,0,6,5,134,22,6,74,24,49,4,0,0,11935000
"G4803130","2019-2023","TX",,,"Texas","48","Madison County","313",,,,,,,,,,,,,,,".",".",,,,,,,,,,,,"0500000US48313","Madison County, Texas",,,"48313",9138,155,0,40,11,19,42,15,29,33,55,68,244,279,527,292,2229,1291,738,1255,488,1013,199,67,49,336073600
"G4803150","2019-2023","TX",,,"Texas","48","Marion County","315",,,,,,,,,,,,,,,".",".",,,,,,,,,,,,"0500000US48315","Marion County, Texas",,,"48315",7096,144,0,0,0,0,0,0,10,15,28,92,46,193,240,182,2010,582,650,1225,544,958,154,19,4,272994400
"G4803170","2019-2023","TX",,,"Texas","48","Martin County","317",,,,,,,,,,,,,,,".",".",,,,,,,,,,,,"0500000US48317","Martin County, Texas",,,"48317",3210,56,0,0,2,28,0,0,0,69,18,30,70,23,16,209,1126,211,142,465,174,385,121,63,2,236377900
"G4803190","2019-2023","TX",,,"Texas","48","Mason County","319",,,,,,,,,,,,,,,".",".",,,,,,,,,,,,"0500000US48319","Mason County, Texas",,,"48319",2781,7,0,0,0,0,0,23,81,73,0,12,20,59,125,38,461,119,151,379,117,723,263,101,29,134846500
"G4803210","2019-2023","TX",,,"Texas","48","Matagorda County","321",,,,,,,,,,,,,,,".",".",,,,,,,,,,,,"0500000US48321","Matagorda County, Texas",,,"48321",24076,1052,0,9,28,12,14,81,156,437,134,180,655,474,683,239,5496,1447,2222,3420,1855,3721,1485,118,158,1095426400
"G4803230","2019-2023","TX",,,"Texas","48","Maverick County","323",,,,,,,,,,,,,,,".",".",,,,,,,,,,,,"0500000US48323","Maverick County, Texas",,,"48323",33346,1755,20,6,146,173,401,117,254,1713,510,797,1681,767,1017,1405,7127,2328,2110,3710,2198,3794,845,427,45,1221498700
"G4803250","2019-2023","TX",,,"Texas","48","Medina County","325",,,,,,,,,,,,,,,".",".",,,,,,,,,,,,"0500000US48325","Medina County, Texas",,,"48325",35653,723,0,5,9,13,73,93,152,361,259,434,795,480,736,875,9196,2428,3311,4887,2923,5016,2573,203,108,1627591700
"G4803270","2019-2023","TX",,,"Texas","48","Menard County","327",,,,,,,,,,,,,,,".",".",,,,,,,,,,,,"0500000US48327","Menard County, Texas",,,"48327",1454,0,0,0,0,0,19,23,11,51,26,0,19,107,64,18,306,57,150,176,94,233,64,17,19,58392700
"G4803290","2019-2023","TX",,,"Texas","48","Midland County","329",,,,,,,,,,,,,,,".",".",,,,,,,,,,,,"0500000US48329","Midland County, Texas",,,"48329",107587,4495,64,79,212,232,276,162,124,1137,115,794,1122,1429,1612,2952,19479,5813,8223,17026,8950,22773,8112,1532,874,8479472200
"G4803310","2019-2023","TX",,,"Texas","48","Milam County","331",,,,,,,,,,,,,,,".",".",,,,,,,,,,,,"0500000US48331","Milam County, Texas",,,"48331",17426,318,0,0,0,18,0,15,82,262,63,397,289,171,387,312,5625,1337,1148,2405,1196,2283,846,146,126,835969300
"G4803330","2019-2023","TX",,,"Texas","48","Mills County","333",,,,,,,,,,,,,,,".",".",,,,,,,,,,,,"0500000US48333","Mills County, Texas",,,"48333",3450,34,0,0,12,0,1,0,0,28,15,24,71,19,53,106,839,203,282,563,231,617,259,41,52,156784100
"G4803350","2019-2023","TX",,,"Texas","48","Mitchell County","335",,,,,,,,,,,,,,,".",".",,,,,,,,,,,,"0500000US48335","Mitchell County, Texas",,,"48335",6085,177,0,0,0,0,23,15,24,65,97,56,146,72,177,166,1628,666,692,927,307,511,202,125,9,219122000
"G4803370","2019-2023","TX",,,"Texas","48","Montague County","337",,,,,,,,,,,,,,,".",".",,,,,,,,,,,,"0500000US48337","Montague County, Texas",,,"48337",14439,233,0,0,23,0,0,42,41,30,72,234,283,320,370,247,4561,893,1025,2377,1112,1886,533,117,40,632397400
"G4803390","2019-2023","TX",,,"Texas","48","Montgomery County","339",,,,,,,,,,,,,,,".",".",,,,,,,,,,,,"0500000US48339","Montgomery County, Texas",,,"48339",429285,7092,27,198,78,228,854,307,768,5235,1423,3027,5534,4637,5141,7693,80843,19219,31386,59320,33597,105629,42004,7673,7372,31549108200
"G4803410","2019-2023","TX",,,"Texas","48","Moore County","341",,,,,,,,,,,,,,,".",".",,,,,,,,,,,,"0500000US48341","Moore County, Texas",,,"48341",12544,646,0,0,10,95,97,102,67,964,133,381,237,369,239,399,4030,353,766,1235,910,1132,333,14,32,578527400
"G4803430","2019-2023","TX",,,"Texas","48","Morris County","343",,,,,,,,,,,,,,,".",".",,,,,,,,,,,,"0500000US48343","Morris County, Texas",,,"48343",8238,209,11,0,0,8,0,0,0,30,45,45,147,177,292,102,2603,353,593,1614,729,869,340,15,56,333381300
"G4803450","2019-2023","TX",,,"Texas","48","Motley County","345",,,,,,,,,,,,,,,".",".",,,,,,,,,,,,"0500000US48345","Motley County, Texas",,,"48345",953,7,0,0,0,18,12,0,0,10,8,0,9,11,33,28,293,44,66,153,51,161,41,8,0,34071300
"G4803470","2019-2023","TX",,,"Texas","48","Nacogdoches County","347",,,,,,,,,,,,,,,".",".",,,,,,,,,,,,"0500000US48347","Nacogdoches County, Texas",,,"48347",37917,936,0,0,3,129,97,119,105,620,240,573,706,654,878,570,9150,1894,2179,6959,2055,6125,2558,574,793,1871669500
"G4803490","2019-2023","TX",,,"Texas","48","Navarro County","349",,,,,,,,,,,,,,,".",".",,,,,,,,,,,,"0500000US48349","Navarro County, Texas",,,"48349",34132,1246,20,0,27,78,98,61,67,985,399,464,928,995,854,826,7957,1961,2216,6071,3052,4059,1271,230,267,1467409200
"G4803510","2019-2023","TX",,,"Texas","48","Newton County","351",,,,,,,,,,,,,,,".",".",,,,,,,,,,,,"0500000US48351","Newton County, Texas",,,"48351",8828,134,0,0,0,0,0,0,68,8,31,100,204,429,270,129,4052,325,894,994,640,388,143,4,15,287364600
"G4803530","2019-2023","TX",,,"Texas","48","Nolan County","353",,,,,,,,,,,,,,,".",".",,,,,,,,,,,,"0500000US48353","Nolan County, Texas",,,"48353",9584,340,0,0,0,41,32,0,6,39,34,276,208,336,186,83,2571,916,923,1380,898,823,396,54,42,428728700
"G4803550","2019-2023","TX",,,"Texas","48","Nueces County","355",,,,,,,,,,,,,,,".",".",,,,,,,,,,,,"0500000US48355","Nueces County, Texas",,,"48355",233756,5256,53,6,139,380,889,583,762,2663,1473,2315,4840,4308,6078,4703,56082,12284,15860,38389,21328,35747,14094,3049,2475,11532696100
"G4803570","2019-2023","TX",,,"Texas","48","Ochiltree County","357",,,,,,,,,,,,,,,".",".",,,,,,,,,,,,"0500000US48357","Ochiltree County, Texas",,,"48357",5964,168,4,0,33,17,24,76,22,208,37,98,169,107,99,76,1823,367,336,772,394,758,321,11,44,315725500
"G4803590","2019-2023","TX",,,"Texas","48","Oldham County","359",,,,,,,,,,,,,,,".",".",,,,,,,,,,,,"0500000US48359","Oldham County, Texas",,,"48359",1247,9,0,0,0,0,0,22,3,60,0,3,8,1,34,12,241,59,86,244,150,229,61,8,17,64312600
"G4803610","2019-2023","TX",,,"Texas","48","Orange County","361",,,,,,,,,,,,,,,".",".",,,,,,,,,,,,"0500000US48361","Orange County, Texas",,,"48361",56615,516,53,0,0,29,0,26,20,257,154,274,614,1119,1338,703,18148,2652,4601,9626,6411,7391,2054,284,345,3028329600
"G4803630","2019-2023","TX",,,"Texas","48","Palo Pinto County","363",,,,,,,,,,,,,,,".",".",,,,,,,,,,,,"0500000US48363","Palo Pinto County, Texas",,,"48363",19902,435,0,0,0,50,93,6,37,87,74,304,427,375,370,500,5579,1549,1992,2758,1549,2477,1097,86,57,915448500
"G4803650","2019-2023","TX",,,"Texas","48","Panola County","365",,,,,,,,,,,,,,,".",".",,,,,,,,,,,,"0500000US48365","Panola County, Texas",,,"48365",15452,218,0,0,0,4,35,58,0,50,51,190,334,471,556,344,3798,932,727,3401,1521,1932,626,74,130,751369400
"G4803670","2019-2023","TX",,,"Texas","48","Parker County","367",,,,,,,,,,,,,,,".",".",,,,,,,,,,,,"0500000US48367","Parker County, Texas",,,"48367",107052,2197,223,0,0,5,240,16,4,604,74,661,957,1248,1657,2264,22314,5481,8869,16080,10349,22395,9228,1500,686,6905494800
"G4803690","2019-2023","TX",,,"Texas","48","Parmer County","369",,,,,,,,,,,,,,,".",".",,,,,,,,,,,,"0500000US48369","Parmer County, Texas",,,"48369",6170,236,0,0,7,0,64,19,94,370,59,132,257,172,145,128,1491,245,387,730,604,771,231,28,0,278972600
"G4803710","2019-2023","TX",,,"Texas","48","Pecos County","371",,,,,,,,,,,,,,,".",".",,,,,,,,,,,,"0500000US48371","Pecos County, Texas",,,"48371",10136,252,8,0,0,54,140,80,14,258,83,95,397,394,261,87,3142,851,991,1154,515,815,315,186,44,455283400
"G4803730","2019-2023","TX",,,"Texas","48","Polk County","373",,,,,,,,,,,,,,,".",".",,,,,,,,,,,,"0500000US48373","Polk County, Texas",,,"48373",37405,911,0,0,36,49,77,127,46,410,244,739,1223,898,1160,893,10763,3671,3472,5535,2136,3389,1322,262,42,1380115000
"G4803750","2019-2023","TX",,,"Texas","48","Potter County","375",,,,,,,,,,,,,,,".",".",,,,,,,,,,,,"0500000US48375","Potter County, Texas",,,"48375",74650,2673,38,0,159,261,197,225,365,2144,540,1635,1861,2432,2300,2038,17020,5886,6224,9766,5945,8945,2831,760,405,3083326000
"G4803770","2019-2023","TX",,,"Texas","48","Presidio County","377",,,,,,,,,,,,,,,".",".",,,,,,,,,,,,"0500000US48377","Presidio County, Texas",,,"48377",3753,63,0,0,0,61,138,38,92,205,1,269,125,125,122,35,618,204,347,349,203,458,195,51,54,123850200
"G4803790","2019-2023","TX",,,"Texas","48","Rains County","379",,,,,,,,,,,,,,,".",".",,,,,,,,,,,,"0500000US48379","Rains County, Texas",,,"48379",9408,163,0,0,0,20,62,0,0,5,28,30,80,193,169,208,2355,634,1009,1562,523,1802,522,32,11,466855300
"G4803810","2019-2023","TX",,,"Texas","48","Randall County","381",,,,,,,,,,,,,,,".",".",,,,,,,,,,,,"0500000US48381","Randall County, Texas",,,"48381",95260,961,30,0,10,26,69,148,104,294,224,331,636,878,1074,1266,18761,3939,8283,17459,10234,20202,7643,1275,1413,5837615700
"G4803830","2019-2023","TX",,,"Texas","48","Reagan County","383",,,,,,,,,,,,,,,".",".",,,,,,,,,,,,"0500000US48383","Reagan County, Texas",,,"48383",1789,6,0,0,0,0,0,0,12,17,0,21,40,21,53,26,817,76,81,193,121,191,105,0,9,88889300
"G4803850","2019-2023","TX",,,"Texas","48","Real County","385",,,,,,,,,,,,,,,".",".",,,,,,,,,,,,"0500000US48385","Real County, Texas",,,"48385",1943,13,0,83,0,8,0,0,16,24,20,40,7,24,20,0,599,203,150,255,109,293,61,6,12,71235600
"G4803870","2019-2023","TX",,,"Texas","48","Red River County","387",,,,,,,,,,,,,,,".",".",,,,,,,,,,,,"0500000US48387","Red River County, Texas",,,"48387",8550,76,1,0,9,0,62,22,0,67,45,118,151,147,206,202,2844,588,684,1339,652,869,352,48,68,314042400
"G4803890","2019-2023","TX",,,"Texas","48","Reeves County","389",,,,,,,,,,,,,,,".",".",,,,,,,,,,,,"0500000US48389","Reeves County, Texas",,,"48389",8368,607,0,0,78,16,76,19,32,196,36,203,158,137,425,422,2888,468,483,1092,457,472,85,12,6,291431600
"G4803910","2019-2023","TX",,,"Texas","48","Refugio County","391",,,,,,,,,,,,,,,".",".",,,,,,,,,,,,"0500000US48391","Refugio County, Texas",,,"48391",4702,117,0,0,0,17,27,0,5,28,54,141,77,196,99,55,1496,253,368,797,323,498,123,28,0,160898400
"G4803930","2019-2023","TX",,,"Texas","48","Roberts County","393",,,,,,,,,,,,,,,".",".",,,,,,,,,,,,"0500000US48393","Roberts County, Texas",,,"48393",522,0,0,0,0,0,0,0,0,0,2,2,0,7,0,2,196,6,13,128,51,90,19,0,6,24502300
"G4803950","2019-2023","TX",,,"Texas","48","Robertson County","395",,,,,,,,,,,,,,,".",".",,,,,,,,,,,,"0500000US48395","Robertson County, Texas",,,"48395",11594,291,0,24,7,10,0,0,2,65,30,131,310,293,392,211,3757,592,919,1403,939,1555,574,29,60,517775300
"G4803970","2019-2023","TX",,,"Texas","48","Rockwall County","397",,,,,,,,,,,,,,,".",".",,,,,,,,,,,,"0500000US48397","Rockwall County, Texas",,,"48397",76396,811,0,0,0,10,28,107,196,283,157,378,258,417,530,1263,12276,2193,6047,10597,7252,21333,8861,1874,1525,6272767900
"G4803990","2019-2023","TX",,,"Texas","48","Runnels County","399",,,,,,,,,,,,,,,".",".",,,,,,,,,,,,"0500000US48399","Runnels County, Texas",,,"48399",6845,72,0,0,0,0,34,7,39,124,16,102,110,249,77,114,2081,441,578,991,505,884,373,43,5,299434000
"G4804010","2019-2023","TX",,,"Texas","48","Rusk County","401",,,,,,,,,,,,,,,".",".",,,,,,,,,,,,"0500000US48401","Rusk County, Texas",,,"48401",36248,426,5,0,5,64,201,108,94,528,118,354,673,999,1058,849,8865,3041,3155,5806,3425,4176,1982,139,177,1669986300
"G4804030","2019-2023","TX",,,"Texas","48","Sabine County","403",,,,,,,,,,,,,,,".",".",,,,,,,,,,,,"0500000US48403","Sabine County, Texas",,,"48403",7746,120,0,0,0,0,22,0,113,1,101,55,84,146,155,183,2328,602,713,1036,706,853,394,112,22,379504700
"G4804050","2019-2023","TX",,,"Texas","48","San Augustine County","405",,,,,,,,,,,,,,,".",".",,,,,,,,,,,,"0500000US48405","San Augustine County, Texas",,,"48405",5782,135,0,0,0,0,4,60,19,19,18,16,138,130,389,131,2088,464,600,649,256,409,197,31,29,195884300
"G4804070","2019-2023","TX",,,"Texas","48","San Jacinto County","407",,,,,,,,,,,,,,,".",".",,,,,,,,,,,,"0500000US48407","San Jacinto County, Texas",,,"48407",19644,488,0,0,0,49,30,0,215,180,192,240,414,448,508,293,6219,1764,1641,2666,1189,1846,719,174,369,854288800
"G4804090","2019-2023","TX",,,"Texas","48","San Patricio County","409",,,,,,,,,,,,,,,".",".",,,,,,,,,,,,"0500000US48409","San Patricio County, Texas",,,"48409",45542,1120,0,5,34,31,122,112,216,713,375,613,1299,795,971,933,12871,2973,3654,7426,3427,5313,2129,214,196,2143432300
"G4804110","2019-2023","TX",,,"Texas","48","San Saba County","411",,,,,,,,,,,,,,,".",".",,,,,,,,,,,,"0500000US48411","San Saba County, Texas",,,"48411",4112,52,0,0,0,42,0,10,58,64,25,42,113,64,70,98,1172,375,324,579,133,620,230,21,20,154856600
"G4804130","2019-2023","TX",,,"Texas","48","Schleicher County","413",,,,,,,,,,,,,,,".",".",,,,,,,,,,,,"0500000US48413","Schleicher County, Texas",,,"48413",1698,5,0,0,0,15,22,10,0,44,9,43,61,50,29,34,401,54,129,315,66,368,34,9,0,79912100
"G4804150","2019-2023","TX",,,"Texas","48","Scurry County","415",,,,,,,,,,,,,,,".",".",,,,,,,,,,,,"0500000US48415","Scurry County, Texas",,,"48415",10893,323,0,0,0,67,4,15,43,150,111,108,154,270,276,93,2368,1087,967,1741,1168,1464,394,69,21,505997200
"G4804170","2019-2023","TX",,,"Texas","48","Shackelford County","417",,,,,,,,,,,,,,,".",".",,,,,,,,,,,,"0500000US48417","Shackelford County, Texas",,,"48417",2202,7,0,0,0,0,0,0,0,0,0,13,44,52,22,29,457,98,201,363,154,614,93,13,42,106795600
"G4804190","2019-2023","TX",,,"Texas","48","Shelby County","419",,,,,,,,,,,,,,,".",".",,,,,,,,,,,,"0500000US48419","Shelby County, Texas",,,"48419",15736,444,0,3,0,0,35,35,53,400,161,164,330,410,362,358,4954,950,1411,2512,993,1616,418,119,8,684905100
"G4804210","2019-2023","TX",,,"Texas","48","Sherman County","421",,,,,,,,,,,,,,,".",".",,,,,,,,,,,,"0500000US48421","Sherman County, Texas",,,"48421",1588,0,0,0,4,0,0,0,12,111,28,48,72,40,19,15,355,43,107,246,81,258,149,0,0,124414200
"G4804230","2019-2023","TX",,,"Texas","48","Smith County","423",,,,,,,,,,,,,,,".",".",,,,,,,,,,,,"0500000US48423","Smith County, Texas",,,"48423",157478,2566,0,0,30,87,432,254,331,1894,459,1826,1804,2246,4067,2904,31836,7325,10092,29114,16525,28778,10344,2517,2047,7854296200
"G4804250","2019-2023","TX",,,"Texas","48","Somervell County","425",,,,,,,,,,,,,,,".",".",,,,,,,,,,,,"0500000US48425","Somervell County, Texas",,,"48425",6783,160,0,0,0,0,0,0,0,43,53,8,73,161,47,42,1901,314,468,1275,544,1252,329,87,26,360048900
"G4804270","2019-2023","TX",,,"Texas","48","Starr County","427",,,,,,,,,,,,,,,".",".",,,,,,,,,,,,"0500000US48427","Starr County, Texas",,,"48427",36715,1859,54,38,116,334,977,473,797,3530,870,1457,1519,1015,983,637,7792,1427,2298,3973,1684,3320,1239,207,116,1086096300
"G4804290","2019-2023","TX",,,"Texas","48","Stephens County","429",,,,,,,,,,,,,,,".",".",,,,,,,,,,,,"0500000US48429","Stephens County, Texas",,,"48429",6345,187,0,0,0,0,0,122,2,57,50,91,90,148,116,195,1509,510,552,956,605,828,286,14,27,262243400
"G4804310","2019-2023","TX",,,"Texas","48","Sterling County","431",,,,,,,,,,,,,,,".",".",,,,,,,,,,,,"0500000US48431","Sterling County, Texas",,,"48431",787,0,0,0,3,0,0,0,0,40,0,0,34,2,0,16,299,4,44,95,57,129,55,1,8,45399800
"G4804330","2019-2023","TX",,,"Texas","48","Stonewall County","433",,,,,,,,,,,,,,,".",".",,,,,,,,,,,,"0500000US48433","Stonewall County, Texas",,,"48433",808,19,0,0,0,9,5,0,14,7,15,0,1,30,0,25,309,27,72,124,37,57,57,0,0,53943100
"G4804350","2019-2023","TX",,,"Texas","48","Sutton County","435",,,,,,,,,,,,,,,".",".",,,,,,,,,,,,"0500000US48435","Sutton County, Texas",,,"48435",2145,71,0,0,0,0,0,0,22,51,18,17,79,94,40,21,774,75,94,393,64,162,152,18,0,98208800
"G4804370","2019-2023","TX",,,"Texas","48","Swisher County","437",,,,,,,,,,,,,,,".",".",,,,,,,,,,,,"0500000US48437","Swisher County, Texas",,,"48437",4479,124,0,0,0,79,0,8,38,139,24,107,115,57,153,37,1496,375,155,424,246,702,172,20,8,147712400
"G4804390","2019-2023","TX",,,"Texas","48","Tarrant County","439",,,,,,,,,,,,,,,".",".",,,,,,,,,,,,"0500000US48439","Tarrant County, Texas",,,"48439",1387073,32367,529,633,663,1863,3992,2154,5039,19507,6432,12789,24913,20529,19666,27582,274180,53334,88255,203700,109740,314353,126424,23012,15417,86256866400
"G4804410","2019-2023","TX",,,"Texas","48","Taylor County","441",,,,,,,,,,,,,,,".",".",,,,,,,,,,,,"0500000US48441","Taylor County, Texas",,,"48441",88580,1356,31,0,70,121,216,133,134,469,279,446,920,1391,1877,914,20664,5333,5559,14389,8581,16428,7011,1365,893,4741036900
"G4804430","2019-2023","TX",,,"Texas","48","Terrell County","443",,,,,,,,,,,,,,,".",".",,,,,,,,,,,,"0500000US48443","Terrell County, Texas",,,"48443",705,10,0,0,0,0,0,0,0,0,0,2,0,0,20,10,154,70,51,143,17,164,64,0,0,28874500
"G4804450","2019-2023","TX",,,"Texas","48","Terry County","445",,,,,,,,,,,,,,,".",".",,,,,,,,,,,,"0500000US48445","Terry County, Texas",,,"48445",7387,209,0,0,98,38,77,6,13,100,132,194,175,288,206,108,2057,544,453,1335,544,547,184,79,0,282769100
"G4804470","2019-2023","TX",,,"Texas","48","Throckmorton County","447",,,,,,,,,,,,,,,".",".",,,,,,,,,,,,"0500000US48447","Throckmorton County, Texas",,,"48447",1137,13,0,0,0,0,0,0,0,13,0,32,2,4,7,12,310,81,116,170,93,208,54,0,22,50249100
"G4804490","2019-2023","TX",,,"Texas","48","Titus County","449",,,,,,,,,,,,,,,".",".",,,,,,,,,,,,"0500000US48449","Titus County, Texas",,,"48449",19576,615,18,0,0,28,264,69,117,774,140,547,599,501,313,496,5874,1032,1172,2463,1539,2170,668,108,69,837117700
"G4804510","2019-2023","TX",,,"Texas","48","Tom Green County","451",,,,,,,,,,,,,,,".",".",,,,,,,,,,,,"0500000US48451","Tom Green County, Texas",,,"48451",78305,1799,56,32,0,132,213,59,312,817,464,798,1120,1698,1187,1369,17639,4084,6762,13429,6667,12999,5256,735,678,4040877400
"G4804530","2019-2023","TX",,,"Texas","48","Travis County","453",,,,,,,,,,,,,,,".",".",,,,,,,,,,,,"0500000US48453","Travis County, Texas",,,"48453",922677,19400,198,140,280,1084,1935,1078,2011,10335,2221,7070,7759,6910,6176,11481,108756,23786,43675,103826,52334,320283,138865,30967,22107,77382951900
"G4804550","2019-2023","TX",,,"Texas","48","Trinity County","455",,,,,,,,,,,,,,,".",".",,,,,,,,,,,,"0500000US48455","Trinity County, Texas",,,"48455",10123,80,0,0,52,44,0,15,20,99,37,39,156,210,229,136,3278,767,1078,1583,691,1235,277,85,12,441611900
"G4804570","2019-2023","TX",,,"Texas","48","Tyler County","457",,,,,,,,,,,,,,,".",".",,,,,,,,,,,,"0500000US48457","Tyler County, Texas",,,"48457",14621,343,33,0,1,0,0,105,4,82,75,265,600,371,425,165,4884,1385,1387,1986,759,1199,411,102,39,649016100
"G4804590","2019-2023","TX",,,"Texas","48","Upshur County","459",,,,,,,,,,,,,,,".",".",,,,,,,,,,,,"0500000US48459","Upshur County, Texas",,,"48459",28653,411,0,0,3,0,32,172,18,345,253,130,356,436,1102,512,7073,2033,3151,4879,2736,3642,1115,214,40,1304697100
"G4804610","2019-2023","TX",,,"Texas","48","Upton County","461",,,,,,,,,,,,,,,".",".",,,,,,,,,,,,"0500000US48461","Upton County, Texas",,,"48461",2225,24,10,0,0,32,74,0,13,22,0,47,12,139,23,16,882,137,119,334,145,144,47,5,0,95110700
"G4804630","2019-2023","TX",,,"Texas","48","Uvalde County","463",,,,,,,,,,,,,,,".",".",,,,,,,,,,,,"0500000US48463","Uvalde County, Texas",,,"48463",15508,306,0,0,0,30,19,59,214,522,216,409,392,415,411,377,2995,1023,986,2271,1736,2344,521,126,136,623945200
"G4804650","2019-2023","TX",,,"Texas","48","Val Verde County","465",,,,,,,,,,,,,,,".",".",,,,,,,,,,,,"0500000US48465","Val Verde County, Texas",,,"48465",28989,2012,0,0,0,87,230,73,219,830,287,458,571,636,1060,764,6272,2365,1793,2870,2278,3729,1740,533,182,1265285600
"G4804670","2019-2023","TX",,,"Texas","48","Van Zandt County","467",,,,,,,,,,,,,,,".",".",,,,,,,,,,,,"0500000US48467","Van Zandt County, Texas",,,"48467",42627,687,0,5,5,0,68,62,8,600,76,383,726,823,1033,932,11639,2237,4569,7369,3647,5264,2145,186,163,2048459600
"G4804690","2019-2023","TX",,,"Texas","48","Victoria County","469",,,,,,,,,,,,,,,".",".",,,,,,,,,,,,"0500000US48469","Victoria County, Texas",,,"48469",60004,1210,0,0,51,72,129,94,165,617,434,633,1523,1155,1481,1404,14987,3611,4522,9705,6398,8538,2157,684,434,3009571400
"G4804710","2019-2023","TX",,,"Texas","48","Walker County","471",,,,,,,,,,,,,,,".",".",,,,,,,,,,,,"0500000US48471","Walker County, Texas",,,"48471",52398,583,5,76,10,447,103,203,254,752,474,672,1161,874,1325,1045,12699,5463,3266,7915,3841,7528,2663,286,753,1736175800
"G4804730","2019-2023","TX",,,"Texas","48","Waller County","473",,,,,,,,,,,,,,,".",".",,,,,,,,,,,,"0500000US48473","Waller County, Texas",,,"48473",34260,1450,0,58,3,135,138,69,465,405,106,224,598,727,411,712,8698,1324,2171,5790,1672,6806,1838,362,98,1903606100
"G4804750","2019-2023","TX",,,"Texas","48","Ward County","475",,,,,,,,,,,,,,,".",".",,,,,,,,,,,,"0500000US48475","Ward County, Texas",,,"48475",7121,337,0,16,0,14,7,3,36,129,72,48,131,173,182,202,2593,272,696,1038,411,555,187,17,2,431709800
"G4804770","2019-2023","TX",,,"Texas","48","Washington County","477",,,,,,,,,,,,,,,".",".",,,,,,,,,,,,"0500000US48477","Washington County, Texas",,,"48477",24595,498,45,0,0,0,89,5,143,156,50,117,236,257,336,433,6030,936,2045,3480,2114,5183,1663,537,242,1557011000
"G4804790","2019-2023","TX",,,"Texas","48","Webb County","479",,,,,,,,,,,,,,,".",".",,,,,,,,,,,,"0500000US48479","Webb County, Texas",,,"48479",152386,6119,24,41,208,503,1211,849,1063,7004,1742,4461,8672,2661,3970,7510,28036,5736,7828,21538,11298,22416,7314,1503,679,6423252200
"G4804810","2019-2023","TX",,,"Texas","48","Wharton County","481",,,,,,,,,,,,,,,".",".",,,,,,,,,,,,"0500000US48481","Wharton County, Texas",,,"48481",27578,508,0,9,111,85,151,39,224,598,115,312,785,441,467,583,7185,1459,2236,3932,3036,3900,1081,244,77,1373413200
"G4804830","2019-2023","TX",,,"Texas","48","Wheeler County","483",,,,,,,,,,,,,,,".",".",,,,,,,,,,,,"0500000US48483","Wheeler County, Texas",,,"48483",3372,33,0,0,0,0,15,0,0,58,14,9,16,130,38,104,938,181,199,778,201,596,50,10,2,143240500
"G4804850","2019-2023","TX",,,"Texas","48","Wichita County","485",,,,,,,,,,,,,,,".",".",,,,,,,,,,,,"0500000US48485","Wichita County, Texas",,,"48485",83956,1386,19,24,181,267,272,238,387,904,310,672,1163,1642,1508,1070,20749,5490,6380,13400,7043,13326,5534,1056,935,4110250800
"G4804870","2019-2023","TX",,,"Texas","48","Wilbarger County","487",,,,,,,,,,,,,,,".",".",,,,,,,,,,,,"0500000US48487","Wilbarger County, Texas",,,"48487",8638,268,10,0,0,2,6,69,0,101,53,148,138,272,247,302,1933,766,810,1445,564,1113,255,69,67,327831200
"G4804890","2019-2023","TX",,,"Texas","48","Willacy County","489",,,,,,,,,,,,,,,".",".",,,,,,,,,,,,"0500000US48489","Willacy County, Texas",,,"48489",12929,697,0,0,46,133,157,146,181,411,216,311,469,536,400,469,3635,841,837,1165,704,1212,308,30,25,361248800
"G4804910","2019-2023","TX",,,"Texas","48","Williamson County","491",,,,,,,,,,,,,,,".",".",,,,,,,,,,,,"0500000US48491","Williamson County, Texas",,,"48491",435869,5207,66,109,61,316,545,460,615,1767,747,2127,2393,2662,2844,5537,64344,13016,28342,60229,37870,132922,57719,8295,7676,32569096900
"G4804930","2019-2023","TX",,,"Texas","48","Wilson County","493",,,,,,,,,,,,,,,".",".",,,,,,,,,,,,"0500000US48493","Wilson County, Texas",,,"48493",35353,572,0,0,4,36,79,11,186,378,263,294,255,387,585,624,8968,1779,2850,5435,3359,6496,2342,276,174,2066961900
"G4804950","2019-2023","TX",,,"Texas","48","Winkler County","495",,,,,,,,,,,,,,,".",".",,,,,,,,,,,,"0500000US48495","Winkler County, Texas",,,"48495",4697,236,0,0,1,0,10,0,0,112,53,124,113,233,215,132,1348,337,395,607,311,421,39,0,10,264131200
"G4804970","2019-2023","TX",,,"Texas","48","Wise County","497",,,,,,,,,,,,,,,".",".",,,,,,,,,,,,"0500000US48497","Wise County, Texas",,,"48497",48985,1101,0,87,87,21,71,242,133,393,248,520,574,1279,976,813,13473,3034,4271,7674,3878,6900,2312,438,460,2713901700
"G4804990","2019-2023","TX",,,"Texas","48","Wood County","499",,,,,,,,,,,,,,,".",".",,,,,,,,,,,,"0500000US48499","Wood County, Texas",,,"48499",33759,505,24,0,13,5,160,40,78,220,146,324,213,538,1469,747,8421,2219,3154,5581,2387,4635,2070,536,274,1562135500
"G4805010","2019-2023","TX",,,"Texas","48","Yoakum County","501",,,,,,,,,,,,,,,".",".",,,,,,,,,,,,"0500000US48501","Yoakum County, Texas",,,"48501",4500,99,0,0,0,0,81,34,29,314,131,94,182,51,0,77,999,361,462,758,189,534,21,84,0,264792400
"G4805030","2019-2023","TX",,,"Texas","48","Young County","503",,,,,,,,,,,,,,,".",".",,,,,,,,,,,,"0500000US48503","Young County, Texas",,,"48503",12450,262,0,0,3,0,18,0,38,142,40,99,171,188,145,216,3188,860,822,2243,1079,2104,656,121,55,662989700
"G4805050","2019-2023","TX",,,"Texas","48","Zapata County","505",,,,,,,,,,,,,,,".",".",,,,,,,,,,,,"0500000US48505","Zapata County, Texas",,,"48505",7944,244,0,0,12,90,69,38,141,523,84,342,644,230,238,200,2085,238,475,717,519,768,227,32,28,261953200
"G4805070","2019-2023","TX",,,"Texas","48","Zavala County","507",,,,,,,,,,,,,,,".",".",,,,,,,,,,,,"0500000US48507","Zavala County, Texas",,,"48507",5706,124,0,0,4,18,105,12,92,210,70,218,117,242,183,124,1248,636,232,1173,353,461,58,17,9,189262800
